/boot/loader/entries/aa071598da1d46869b7ed5af7cfe3846-6.18.13-200.fc43.x86_64.conf
/boot/loader/entries/aa071598da1d46869b7ed5af7cfe3846-6.17.1-300.fc43.x86_64.conf
/boot/loader/entries/aa071598da1d46869b7ed5af7cfe3846-6.18.9-200.fc43.x86_64.conf
/boot/loader/entries/aa071598da1d46869b7ed5af7cfe3846-0-rescue.conf
/home/lucian-rus/.cache/typescript/6.0/node_modules/react-native/scripts/xcode/ccache.conf
/home/lucian-rus/.config/SASM Project/SASM.conf
/home/lucian-rus/.config/QtProject.conf
/home/lucian-rus/Desktop/dev/projects/blackboard-expo/node_modules/@expo/devcert/openssl-configurations/certificate-authority-self-signing.conf
/home/lucian-rus/Desktop/dev/projects/blackboard-expo/node_modules/@expo/devcert/openssl-configurations/domain-certificate-signing-requests.conf
/home/lucian-rus/Desktop/dev/projects/blackboard-expo/node_modules/@expo/devcert/openssl-configurations/domain-certificates.conf
/home/lucian-rus/Desktop/dev/projects/blackboard-expo/node_modules/react-native/scripts/xcode/ccache.conf
/home/lucian-rus/Downloads/gcc-arm-none-eabi-10.3-2021.10-x86_64-linux/gcc-arm-none-eabi-10.3-2021.10/lib/gcc/arm-none-eabi/10.3.1/install-tools/mkheaders.conf
/home/lucian-rus/Downloads/gcc-arm-none-eabi-10.3-2021.10-x86_64-linux/gcc-arm-none-eabi-10.3-2021.10/share/gcc-arm-none-eabi/samples/src/makefile.conf
/home/lucian-rus/.local/share/Trash/files/Devkit.conf
/home/lucian-rus/.local/share/Trash/files/5.conf
/home/lucian-rus/dev-tools/gcc-arm-none-eabi-10.3-2021.10/lib/gcc/arm-none-eabi/10.3.1/install-tools/mkheaders.conf
/home/lucian-rus/dev-tools/gcc-arm-none-eabi-10.3-2021.10/share/gcc-arm-none-eabi/samples/src/makefile.conf
/home/lucian-rus/go/pkg/mod/github.com/fsnotify/fsnotify@v1.9.0/staticcheck.conf
/home/lucian-rus/go/pkg/mod/honnef.co/go/tools@v0.7.0-0.dev.0.20251022135355-8273271481d0/config/example.conf
/home/lucian-rus/go/pkg/mod/honnef.co/go/tools@v0.7.0-0.dev.0.20251022135355-8273271481d0/staticcheck.conf
/run/NetworkManager/resolv.conf
/run/NetworkManager/no-stub-resolv.conf
/run/user/1000/systemd/transient/dbus-:1.2-org.gnome.Nautilus@0.service.d/50-IOWeight.conf
/run/user/1000/systemd/transient/dbus-:1.2-org.gnome.Nautilus@0.service.d/50-CPUWeight.conf
/run/user/1000/systemd/transient/app-gnome-org.mozilla.firefox-6167.scope.d/50-IOWeight.conf
/run/user/1000/systemd/transient/app-gnome-org.mozilla.firefox-6167.scope.d/50-CPUWeight.conf
/run/user/1000/systemd/transient/app-org.chromium.Chromium-4754.scope.d/50-IOWeight.conf
/run/user/1000/systemd/transient/app-org.chromium.Chromium-4754.scope.d/50-CPUWeight.conf
/run/user/1000/systemd/transient/dbus-:1.2-org.gnome.Ptyxis@0.service.d/50-IOWeight.conf
/run/user/1000/systemd/transient/dbus-:1.2-org.gnome.Ptyxis@0.service.d/50-CPUWeight.conf
/run/tmpfiles.d/static-nodes.conf
/run/systemd/user/session.slice.d/99-uresourced.conf
/run/systemd/resolve/resolv.conf
/run/systemd/resolve/stub-resolv.conf
/run/systemd/generator/systemd-zram-setup@zram0.service.d/bindings.conf
/etc/NetworkManager/NetworkManager.conf
/etc/PackageKit/CommandNotFound.conf
/etc/PackageKit/PackageKit.conf
/etc/PackageKit/Vendor.conf
/etc/UPower/UPower.conf
/etc/X11/xorg.conf.d/00-keyboard.conf
/etc/abrt/plugins/CCpp.conf
/etc/abrt/plugins/oops.conf
/etc/abrt/plugins/python3.conf
/etc/abrt/plugins/vmcore.conf
/etc/abrt/plugins/xorg.conf
/etc/abrt/abrt-action-save-package-data.conf
/etc/abrt/abrt.conf
/etc/abrt/gpg_keys.conf
/etc/alsa/conf.d/50-pipewire.conf
/etc/alsa/conf.d/99-pipewire-default.conf
/etc/alsa/alsactl.conf
/etc/alsa/state-daemon.conf
/etc/anaconda/conf.d/00-do-nothing.conf
/etc/anaconda/conf.d/01-still-do-nothing.conf
/etc/anaconda/profile.d/almalinux.conf
/etc/anaconda/profile.d/centos.conf
/etc/anaconda/profile.d/circle.conf
/etc/anaconda/profile.d/fedora-designsuite.conf
/etc/anaconda/profile.d/fedora-eln.conf
/etc/anaconda/profile.d/fedora-iot.conf
/etc/anaconda/profile.d/fedora-kde.conf
/etc/anaconda/profile.d/fedora-kinoite.conf
/etc/anaconda/profile.d/fedora-sericea.conf
/etc/anaconda/profile.d/fedora-server.conf
/etc/anaconda/profile.d/fedora-silverblue.conf
/etc/anaconda/profile.d/fedora-workstation.conf
/etc/anaconda/profile.d/fedora.conf
/etc/anaconda/profile.d/ovirt.conf
/etc/anaconda/profile.d/rhel.conf
/etc/anaconda/profile.d/rhvh.conf
/etc/anaconda/profile.d/rocky.conf
/etc/anaconda/profile.d/scientific-linux.conf
/etc/anaconda/profile.d/virtuozzo-linux.conf
/etc/anaconda/anaconda.conf
/etc/audit/auditd.conf
/etc/authselect/authselect.conf
/etc/authselect/nsswitch.conf
/etc/avahi/avahi-daemon.conf
/etc/bluetooth/input.conf
/etc/bluetooth/network.conf
/etc/bluetooth/main.conf
/etc/containers/registries.conf.d/000-shortnames.conf
/etc/containers/registries.conf
/etc/containers/toolbox.conf
/etc/cups/classes.conf
/etc/cups/client.conf
/etc/cups/cups-browsed.conf
/etc/cups/cupsd.conf
/etc/cups/printers.conf
/etc/cups/snmp.conf
/etc/cups/cups-files.conf
/etc/cups/subscriptions.conf
/etc/dbus-1/system.d/blivet.conf
/etc/dbus-1/system.d/com.redhat.NewPrinterNotification.conf
/etc/dbus-1/system.d/com.redhat.PrinterDriversInstaller.conf
/etc/dbus-1/system.d/com.redhat.lvmdbus1.conf
/etc/dbus-1/system.d/cups.conf
/etc/dbus-1/system.d/dbus-abrt.conf
/etc/dbus-1/system.d/org.freedesktop.problems.daemon.conf
/etc/dbus-1/system.d/teamd.conf
/etc/dbus-1/system.d/wpa_supplicant.conf
/etc/dbus-1/system.d/org.selinux.conf
/etc/dbus-1/system.d/nm-ssh-service.conf
/etc/dbus-1/system.d/org.freedesktop.Flatpak.SystemHelper.conf
/etc/dbus-1/session.conf
/etc/dbus-1/system.conf
/etc/dnf/libdnf5-plugins/notify_packagekit.conf
/etc/dnf/libdnf5-plugins/expired-pgp-keys.conf
/etc/dnf/plugins/copr.conf
/etc/dnf/plugins/debuginfo-install.conf
/etc/dnf/plugins/expired-pgp-keys.conf
/etc/dnf/protected.d/grub2-efi-ia32.conf
/etc/dnf/protected.d/grub2-efi-x64.conf
/etc/dnf/protected.d/grub2-pc.conf
/etc/dnf/protected.d/grub2-tools-minimal.conf
/etc/dnf/protected.d/selinux-policy-targeted.conf
/etc/dnf/protected.d/setup.conf
/etc/dnf/protected.d/shim.conf
/etc/dnf/protected.d/sudo.conf
/etc/dnf/protected.d/systemd.conf
/etc/dnf/protected.d/fedora-workstation.conf
/etc/dnf/dnf.conf
/etc/firewalld/firewalld-server.conf
/etc/firewalld/firewalld-standard.conf
/etc/firewalld/firewalld-workstation.conf
/etc/fonts/conf.d/25-no-bitmap-fedora.conf
/etc/fonts/fonts.conf
/etc/fwupd/remotes.d/lvfs-testing.conf
/etc/fwupd/remotes.d/lvfs.conf
/etc/fwupd/remotes.d/vendor-directory.conf
/etc/fwupd/fwupd.conf
/etc/gdm/custom.conf
/etc/geoclue/geoclue.conf
/etc/gss/mech.d/proxymech.conf
/etc/gssproxy/24-nfs-server.conf
/etc/gssproxy/99-network-fs-clients.conf
/etc/gssproxy/gssproxy.conf
/etc/hp/hplip.conf
/etc/httpd/conf.d/autoindex.conf
/etc/httpd/conf.d/mod_dnssd.conf
/etc/httpd/conf.d/userdir.conf
/etc/httpd/conf.d/welcome.conf
/etc/httpd/conf.modules.d/00-base.conf
/etc/httpd/conf.modules.d/00-brotli.conf
/etc/httpd/conf.modules.d/00-dav.conf
/etc/httpd/conf.modules.d/00-lua.conf
/etc/httpd/conf.modules.d/00-mpm.conf
/etc/httpd/conf.modules.d/00-optional.conf
/etc/httpd/conf.modules.d/00-proxy.conf
/etc/httpd/conf.modules.d/00-systemd.conf
/etc/httpd/conf.modules.d/01-cgi.conf
/etc/httpd/conf.modules.d/10-h2.conf
/etc/httpd/conf.modules.d/10-mod_dnssd.conf
/etc/httpd/conf.modules.d/10-proxy_h2.conf
/etc/httpd/conf/httpd.conf
/etc/ipp-usb/ipp-usb.conf
/etc/iscsi/iscsid.conf
/etc/ld.so.conf.d/libiscsi-x86_64.conf
/etc/ld.so.conf.d/pipewire-jack-x86_64.conf
/etc/libreport/events.d/abrt_dbus_event.conf
/etc/libreport/events.d/abrt_event.conf
/etc/libreport/events.d/bodhi_event.conf
/etc/libreport/events.d/bugzilla_anaconda_event.conf
/etc/libreport/events.d/bugzilla_event.conf
/etc/libreport/events.d/ccpp_event.conf
/etc/libreport/events.d/gconf_event.conf
/etc/libreport/events.d/koops_event.conf
/etc/libreport/events.d/mdadm_event.conf
/etc/libreport/events.d/print_event.conf
/etc/libreport/events.d/python3_event.conf
/etc/libreport/events.d/smart_event.conf
/etc/libreport/events.d/uploader_event.conf
/etc/libreport/events.d/vimrc_event.conf
/etc/libreport/events.d/vmcore_event.conf
/etc/libreport/events.d/xorg_event.conf
/etc/libreport/events/report_Bugzilla.conf
/etc/libreport/events/report_Logger.conf
/etc/libreport/events/report_Uploader.conf
/etc/libreport/plugins/bugzilla.conf
/etc/libreport/plugins/bugzilla_format.conf
/etc/libreport/plugins/bugzilla_format_anaconda.conf
/etc/libreport/plugins/bugzilla_format_analyzer_libreport.conf
/etc/libreport/plugins/bugzilla_format_kernel.conf
/etc/libreport/plugins/bugzilla_formatdup.conf
/etc/libreport/plugins/bugzilla_formatdup_anaconda.conf
/etc/libreport/plugins/bugzilla_formatdup_analyzer_libreport.conf
/etc/libreport/plugins/catalog_journal_ccpp_format.conf
/etc/libreport/plugins/catalog_koops_format.conf
/etc/libreport/plugins/catalog_python3_format.conf
/etc/libreport/plugins/catalog_vmcore_format.conf
/etc/libreport/plugins/catalog_xorg_format.conf
/etc/libreport/plugins/upload.conf
/etc/libreport/plugins/ureport.conf
/etc/libreport/workflows.d/anaconda_event.conf
/etc/libreport/workflows.d/report_fedora.conf
/etc/libreport/workflows.d/report_logger.conf
/etc/libreport/workflows.d/report_uploader.conf
/etc/libreport/forbidden_words.conf
/etc/libreport/ignored_elements.conf
/etc/libreport/ignored_words.conf
/etc/libreport/libreport.conf
/etc/libreport/report_event.conf
/etc/libvirt/libvirt-admin.conf
/etc/libvirt/libvirt.conf
/etc/libvirt/libvirtd.conf
/etc/libvirt/network.conf
/etc/libvirt/qemu-lockd.conf
/etc/libvirt/qemu.conf
/etc/libvirt/virtinterfaced.conf
/etc/libvirt/virtlockd.conf
/etc/libvirt/virtlogd.conf
/etc/libvirt/virtnetworkd.conf
/etc/libvirt/virtnodedevd.conf
/etc/libvirt/virtnwfilterd.conf
/etc/libvirt/virtproxyd.conf
/etc/libvirt/virtqemud.conf
/etc/libvirt/virtsecretd.conf
/etc/libvirt/virtstoraged.conf
/etc/lvm/lvm.conf
/etc/lvm/lvmlocal.conf
/etc/mcelog/mcelog.conf
/etc/modprobe.d/appletalk-blacklist.conf
/etc/modprobe.d/ax25-blacklist.conf
/etc/modprobe.d/batman-adv-blacklist.conf
/etc/modprobe.d/floppy-blacklist.conf
/etc/modprobe.d/kvm.conf
/etc/modprobe.d/l2tp_eth-blacklist.conf
/etc/modprobe.d/l2tp_netlink-blacklist.conf
/etc/modprobe.d/l2tp_ppp-blacklist.conf
/etc/modprobe.d/lockd.conf
/etc/modprobe.d/netrom-blacklist.conf
/etc/modprobe.d/nvdimm-security.conf
/etc/modprobe.d/rds-blacklist.conf
/etc/modprobe.d/rose-blacklist.conf
/etc/modprobe.d/vhost.conf
/etc/modprobe.d/firewalld-sysctls.conf
/etc/modprobe.d/tuned.conf
/etc/ndctl.conf.d/monitor.conf
/etc/ndctl.conf.d/ndctl.conf
/etc/nvme/discovery.conf
/etc/openal/alsoft.conf
/etc/openldap/ldap.conf
/etc/pki/ca-trust/ca-legacy.conf
/etc/pki/tls/openssl.d/pkcs11-provider.conf
/etc/plymouth/plymouthd.conf
/etc/pulse/client.conf
/etc/qemu/bridge.conf
/etc/request-key.d/cifs.idmap.conf
/etc/request-key.d/cifs.spnego.conf
/etc/request-key.d/id_resolver.conf
/etc/samba/smb.conf
/etc/sane.d/abaton.conf
/etc/sane.d/agfafocus.conf
/etc/sane.d/airscan.conf
/etc/sane.d/apple.conf
/etc/sane.d/artec.conf
/etc/sane.d/artec_eplus48u.conf
/etc/sane.d/avision.conf
/etc/sane.d/bh.conf
/etc/sane.d/canon.conf
/etc/sane.d/canon630u.conf
/etc/sane.d/canon_dr.conf
/etc/sane.d/canon_lide70.conf
/etc/sane.d/canon_pp.conf
/etc/sane.d/cardscan.conf
/etc/sane.d/coolscan.conf
/etc/sane.d/coolscan2.conf
/etc/sane.d/coolscan3.conf
/etc/sane.d/dc210.conf
/etc/sane.d/dc240.conf
/etc/sane.d/dc25.conf
/etc/sane.d/dell1600n_net.conf
/etc/sane.d/dll.conf
/etc/sane.d/dmc.conf
/etc/sane.d/epjitsu.conf
/etc/sane.d/epson.conf
/etc/sane.d/epson2.conf
/etc/sane.d/epsonds.conf
/etc/sane.d/fujitsu.conf
/etc/sane.d/genesys.conf
/etc/sane.d/gphoto2.conf
/etc/sane.d/gt68xx.conf
/etc/sane.d/hp.conf
/etc/sane.d/hp3900.conf
/etc/sane.d/hp4200.conf
/etc/sane.d/hp5400.conf
/etc/sane.d/hpsj5s.conf
/etc/sane.d/hs2p.conf
/etc/sane.d/ibm.conf
/etc/sane.d/kodak.conf
/etc/sane.d/kodakaio.conf
/etc/sane.d/kvs1025.conf
/etc/sane.d/leo.conf
/etc/sane.d/lexmark.conf
/etc/sane.d/lexmark_x2600.conf
/etc/sane.d/ma1509.conf
/etc/sane.d/magicolor.conf
/etc/sane.d/matsushita.conf
/etc/sane.d/microtek.conf
/etc/sane.d/microtek2.conf
/etc/sane.d/mustek.conf
/etc/sane.d/mustek_pp.conf
/etc/sane.d/mustek_usb.conf
/etc/sane.d/nec.conf
/etc/sane.d/net.conf
/etc/sane.d/p5.conf
/etc/sane.d/pie.conf
/etc/sane.d/pieusb.conf
/etc/sane.d/pixma.conf
/etc/sane.d/plustek.conf
/etc/sane.d/plustek_pp.conf
/etc/sane.d/qcam.conf
/etc/sane.d/ricoh.conf
/etc/sane.d/rts8891.conf
/etc/sane.d/s9036.conf
/etc/sane.d/sceptre.conf
/etc/sane.d/sharp.conf
/etc/sane.d/sm3840.conf
/etc/sane.d/snapscan.conf
/etc/sane.d/sp15c.conf
/etc/sane.d/st400.conf
/etc/sane.d/stv680.conf
/etc/sane.d/tamarack.conf
/etc/sane.d/teco1.conf
/etc/sane.d/teco2.conf
/etc/sane.d/teco3.conf
/etc/sane.d/test.conf
/etc/sane.d/u12.conf
/etc/sane.d/umax.conf
/etc/sane.d/umax1220u.conf
/etc/sane.d/umax_pp.conf
/etc/sane.d/v4l.conf
/etc/sane.d/xerox_mfp.conf
/etc/sasl2/libvirt.conf
/etc/sasl2/qemu.conf
/etc/security/limits.d/10-gamemode.conf
/etc/security/limits.d/25-pw-rlimits.conf
/etc/security/access.conf
/etc/security/chroot.conf
/etc/security/faillock.conf
/etc/security/group.conf
/etc/security/limits.conf
/etc/security/namespace.conf
/etc/security/pam_env.conf
/etc/security/pwhistory.conf
/etc/security/pwquality.conf
/etc/security/sepermit.conf
/etc/security/time.conf
/etc/selinux/targeted/setrans.conf
/etc/selinux/semanage.conf
/etc/smartmontools/smartd.conf
/etc/sos/sos.conf
/etc/speech-dispatcher/clients/emacs.conf
/etc/speech-dispatcher/modules/cicero.conf
/etc/speech-dispatcher/modules/dtk-generic.conf
/etc/speech-dispatcher/modules/epos-generic.conf
/etc/speech-dispatcher/modules/espeak-ng.conf
/etc/speech-dispatcher/modules/llia_phon-generic.conf
/etc/speech-dispatcher/modules/mary-generic.conf
/etc/speech-dispatcher/modules/mimic3-generic.conf
/etc/speech-dispatcher/modules/openjtalk.conf
/etc/speech-dispatcher/modules/swift-generic.conf
/etc/speech-dispatcher/speechd.conf
/etc/ssh/ssh_config.d/30-libvirt-ssh-proxy.conf
/etc/ssh/ssh_config.d/50-redhat.conf
/etc/ssh/sshd_config.d/40-redhat-crypto-policies.conf
/etc/ssh/sshd_config.d/50-redhat.conf
/etc/sysconfig/nftables.conf
/etc/systemd/system.control/user.slice.d/50-MemoryMin.conf
/etc/systemd/system.control/user.slice.d/50-MemoryLow.conf
/etc/systemd/system.control/user-60578.slice.d/50-MemoryMin.conf
/etc/systemd/system.control/user-60578.slice.d/50-MemoryLow.conf
/etc/systemd/system.control/user-60578.slice.d/50-CPUWeight.conf
/etc/systemd/system.control/user-60578.slice.d/50-IOWeight.conf
/etc/systemd/system.control/user@60578.service.d/50-MemoryMin.conf
/etc/systemd/system.control/user@60578.service.d/50-MemoryLow.conf
/etc/systemd/system.control/user@60578.service.d/50-CPUWeight.conf
/etc/systemd/system.control/user@60578.service.d/50-IOWeight.conf
/etc/systemd/system.control/user-0.slice.d/50-MemoryMin.conf
/etc/systemd/system.control/user-0.slice.d/50-MemoryLow.conf
/etc/systemd/system.control/user-0.slice.d/50-CPUWeight.conf
/etc/systemd/system.control/user-0.slice.d/50-IOWeight.conf
/etc/systemd/system.control/user@0.service.d/50-MemoryMin.conf
/etc/systemd/system.control/user@0.service.d/50-MemoryLow.conf
/etc/systemd/system.control/user@0.service.d/50-CPUWeight.conf
/etc/systemd/system.control/user@0.service.d/50-IOWeight.conf
/etc/systemd/system.control/user-1000.slice.d/50-MemoryMin.conf
/etc/systemd/system.control/user-1000.slice.d/50-MemoryLow.conf
/etc/systemd/system.control/user-1000.slice.d/50-CPUWeight.conf
/etc/systemd/system.control/user-1000.slice.d/50-IOWeight.conf
/etc/systemd/system.control/user@1000.service.d/50-MemoryMin.conf
/etc/systemd/system.control/user@1000.service.d/50-MemoryLow.conf
/etc/systemd/system.control/user@1000.service.d/50-CPUWeight.conf
/etc/systemd/system.control/user@1000.service.d/50-IOWeight.conf
/etc/tuned/ppd.conf
/etc/tuned/tuned-main.conf
/etc/udisks2/udisks2.conf
/etc/vmware-tools/vgauth.conf
/etc/vpnc/default.conf
/etc/wpa_supplicant/wpa_supplicant.conf
/etc/xdg/qtchooser/5-64.conf
/etc/xdg/user-dirs.conf
/etc/Trolltech.conf
/etc/anthy-unicode.conf
/etc/asound.conf
/etc/brltty.conf
/etc/chrony.conf
/etc/cpupower-service.conf
/etc/dracut.conf
/etc/fprintd.conf
/etc/fuse.conf
/etc/host.conf
/etc/idmapd.conf
/etc/kdump.conf
/etc/krb5.conf
/etc/ld.so.conf
/etc/libaudit.conf
/etc/libuser.conf
/etc/locale.conf
/etc/logrotate.conf
/etc/man_db.conf
/etc/mke2fs.conf
/etc/mtools.conf
/etc/nfs.conf
/etc/nfsmount.conf
/etc/nilfs_cleanerd.conf
/etc/opensc.conf
/etc/passim.conf
/etc/passwdqc.conf
/etc/request-key.conf
/etc/rsyncd.conf
/etc/rsyslog.conf
/etc/rygel.conf
/etc/sestatus.conf
/etc/sudo.conf
/etc/swtpm-localca.conf
/etc/swtpm_setup.conf
/etc/sysctl.conf
/etc/ts.conf
/etc/updatedb.conf
/etc/uresourced.conf
/etc/usb_modeswitch.conf
/etc/whois.conf
/etc/xattr.conf
/etc/vconsole.conf
/etc/dnsmasq.conf
/usr/lib/NetworkManager/conf.d/22-wifi-mac-addr.conf
/usr/lib/NetworkManager/conf.d/99-nvme-nbft-no-ignore-carrier.conf
/usr/lib/NetworkManager/conf.d/20-connectivity-fedora.conf
/usr/lib/dracut/dracut.conf.d/01-dist.conf
/usr/lib/dracut/dracut.conf.d/02-rescue.conf
/usr/lib/dracut/dracut.conf.d/50-nss-softokn.conf
/usr/lib/dracut/modules.d/01systemd-hostnamed/99-systemd-networkd-dracut.conf
/usr/lib/dracut/modules.d/01systemd-hostnamed/org.freedesktop.hostname1_dracut.conf
/usr/lib/dracut/modules.d/01systemd-hostnamed/systemd-hostname-dracut.conf
/usr/lib/dracut/modules.d/01systemd-journald/initrd.conf
/usr/lib/dracut/modules.d/01systemd-networkd/99-wait-online-dracut.conf
/usr/lib/dracut/modules.d/01systemd-resolved/resolved-tmpfile-dracut.conf
/usr/lib/dracut/modules.d/01systemd-sysusers/sysusers-dracut.conf
/usr/lib/dracut/modules.d/01systemd-timesyncd/timesyncd-tmpfile-dracut.conf
/usr/lib/dracut/modules.d/35network-manager/initrd-no-auto-default.conf
/usr/lib/dracut/modules.d/90multipath/multipathd-dracut.conf
/usr/lib/dracut/modules.d/98dracut-systemd/dracut-tmpfiles.conf
/usr/lib/dracut/modules.d/98syslog/rsyslog.conf
/usr/lib/fedora-third-party/conf.d/fedora-flathub.conf
/usr/lib/fedora-third-party/conf.d/fedora-workstation.conf
/usr/lib/kdump/dracut.conf.d/99-kdump.conf
/usr/lib/kernel/install.conf
/usr/lib/kernel/uki.conf
/usr/lib/modprobe.d/openfwwf.conf
/usr/lib/modprobe.d/dist-alsa.conf
/usr/lib/modprobe.d/dist-blacklist.conf
/usr/lib/modprobe.d/systemd.conf
/usr/lib/modules-load.d/fuse-overlayfs.conf
/usr/lib/modules-load.d/fwupd-i2c.conf
/usr/lib/modules-load.d/fwupd-msr.conf
/usr/lib/modules-load.d/open-vm-tools.conf
/usr/lib/python3.14/site-packages/tuned/ppd/dbus.conf
/usr/lib/python3.14/site-packages/tuned/ppd/ppd.conf
/usr/lib/realmd/realmd-defaults.conf
/usr/lib/realmd/realmd-distro.conf
/usr/lib/sysctl.d/50-libkcapi-optmem_max.conf
/usr/lib/sysctl.d/60-libvirtd.conf
/usr/lib/sysctl.d/10-default-yama-scope.conf
/usr/lib/sysctl.d/10-map-count.conf
/usr/lib/sysctl.d/50-coredump.conf
/usr/lib/sysctl.d/50-default.conf
/usr/lib/sysctl.d/50-pid-max.conf
/usr/lib/systemd/oomd.conf.d/10-oomd-defaults.conf
/usr/lib/systemd/portable/profile/default/service.conf
/usr/lib/systemd/portable/profile/nonetwork/service.conf
/usr/lib/systemd/portable/profile/strict/service.conf
/usr/lib/systemd/portable/profile/trusted/service.conf
/usr/lib/systemd/repart/definitions/confext.repart.d/10-root.conf
/usr/lib/systemd/repart/definitions/confext.repart.d/20-root-verity.conf
/usr/lib/systemd/repart/definitions/confext.repart.d/30-root-verity-sig.conf
/usr/lib/systemd/repart/definitions/portable.repart.d/10-root.conf
/usr/lib/systemd/repart/definitions/portable.repart.d/20-root-verity.conf
/usr/lib/systemd/repart/definitions/portable.repart.d/30-root-verity-sig.conf
/usr/lib/systemd/repart/definitions/sysext.repart.d/10-root.conf
/usr/lib/systemd/repart/definitions/sysext.repart.d/20-root-verity.conf
/usr/lib/systemd/repart/definitions/sysext.repart.d/30-root-verity-sig.conf
/usr/lib/systemd/ssh_config.d/20-systemd-ssh-proxy.conf
/usr/lib/systemd/sshd_config.d/20-systemd-userdb.conf
/usr/lib/systemd/system/cups.service.d/10-foomaticrip-upgrade.conf
/usr/lib/systemd/system/service.d/10-timeout-abort.conf
/usr/lib/systemd/system/system.slice.d/10-oomd-per-slice-defaults.conf
/usr/lib/systemd/system/systemd-logind.service.d/10-grub2-logind-service.conf
/usr/lib/systemd/system/systemd-udev-trigger.service.d/systemd-udev-trigger-no-reload.conf
/usr/lib/systemd/system/user-.slice.d/10-defaults.conf
/usr/lib/systemd/system/user@.service.d/00-uresourced.conf
/usr/lib/systemd/system/user@.service.d/10-login-barrier.conf
/usr/lib/systemd/system/user@0.service.d/10-login-barrier.conf
/usr/lib/systemd/user/app-chromium\x2dbrowser-.scope.d/99-cgroupify.conf
/usr/lib/systemd/user/app-chromium\x2dbrowser@@.service.d/99-cgroupify.conf
/usr/lib/systemd/user/app-firefox-.scope.d/99-cgroupify.conf
/usr/lib/systemd/user/app-firefox@@.service.d/99-cgroupify.conf
/usr/lib/systemd/user/app-flatpak-.scope.d/override.conf
/usr/lib/systemd/user/app-glib-chromium\x2dbrowser-.scope.d/99-cgroupify.conf
/usr/lib/systemd/user/app-glib-firefox-.scope.d/99-cgroupify.conf
/usr/lib/systemd/user/app-glib-google\x2dchrome-.scope.d/99-cgroupify.conf
/usr/lib/systemd/user/app-glib-org.gnome.Epiphany-.scope.d/99-cgroupify.conf
/usr/lib/systemd/user/app-gnome-.scope.d/override.conf
/usr/lib/systemd/user/app-gnome-chromium\x2dbrowser-.scope.d/99-cgroupify.conf
/usr/lib/systemd/user/app-gnome-firefox-.scope.d/99-cgroupify.conf
/usr/lib/systemd/user/app-gnome-google\x2dchrome-.scope.d/99-cgroupify.conf
/usr/lib/systemd/user/app-gnome-org.gnome.Epiphany-.scope.d/99-cgroupify.conf
/usr/lib/systemd/user/app-google\x2dchrome-.scope.d/99-cgroupify.conf
/usr/lib/systemd/user/app-google\x2dchrome@@.service.d/99-cgroupify.conf
/usr/lib/systemd/user/app-org.gnome.Epiphany-.scope.d/99-cgroupify.conf
/usr/lib/systemd/user/app-org.gnome.Epiphany@@.service.d/99-cgroupify.conf
/usr/lib/systemd/user/at-spi-dbus-bus.service.d/00-uresourced.conf
/usr/lib/systemd/user/dbus-.service.d/00-uresourced.conf
/usr/lib/systemd/user/dbus-broker.service.d/00-uresourced.conf
/usr/lib/systemd/user/evolution-.service.d/00-uresourced.conf
/usr/lib/systemd/user/flatpak-.scope.d/00-uresourced.conf
/usr/lib/systemd/user/gnome-launched-.scope.d/00-uresourced.conf
/usr/lib/systemd/user/gnome-launched-gnome-system-monitor.desktop-.scope.d/00-uresourced.conf
/usr/lib/systemd/user/gnome-launched-org.gnome.Usage.desktop-.scope.d/00-uresourced.conf
/usr/lib/systemd/user/gnome-session@gnome-initial-setup.target.d/gnome-initial-setup.conf
/usr/lib/systemd/user/gnome-session@gnome-login.target.d/gnome-login.session.conf
/usr/lib/systemd/user/gnome-session@gnome.target.d/gnome.session.conf
/usr/lib/systemd/user/gnome-shell-.service.d/00-uresourced.conf
/usr/lib/systemd/user/gsd-.service.d/00-uresourced.conf
/usr/lib/systemd/user/gvfs-.service.d/00-uresourced.conf
/usr/lib/systemd/user/pipewire.service.d/00-uresourced.conf
/usr/lib/systemd/user/pulseaudio.service.d/00-uresourced.conf
/usr/lib/systemd/user/service.d/10-timeout-abort.conf
/usr/lib/systemd/user/slice.d/10-oomd-per-slice-defaults.conf
/usr/lib/systemd/user/tracker-.service.d/00-uresourced.conf
/usr/lib/systemd/user/vte-spawn-.scope.d/defaults.conf
/usr/lib/systemd/user/zeitgeist-.service.d/00-uresourced.conf
/usr/lib/systemd/user/zeitgeist.service.d/00-uresourced.conf
/usr/lib/systemd/zram-generator.conf
/usr/lib/systemd/journald.conf
/usr/lib/systemd/logind.conf
/usr/lib/systemd/resolv.conf
/usr/lib/systemd/system.conf
/usr/lib/systemd/user.conf
/usr/lib/systemd/coredump.conf
/usr/lib/systemd/homed.conf
/usr/lib/systemd/oomd.conf
/usr/lib/systemd/pstore.conf
/usr/lib/systemd/sleep.conf
/usr/lib/systemd/timesyncd.conf
/usr/lib/systemd/networkd.conf
/usr/lib/systemd/resolved.conf
/usr/lib/sysusers.d/avahi.conf
/usr/lib/sysusers.d/brltty.conf
/usr/lib/sysusers.d/clevis.conf
/usr/lib/sysusers.d/colord-sysusers.conf
/usr/lib/sysusers.d/dbus-broker.conf
/usr/lib/sysusers.d/dbus.conf
/usr/lib/sysusers.d/gamemode.conf
/usr/lib/sysusers.d/glusterfs.conf
/usr/lib/sysusers.d/gnome-initial-setup.conf
/usr/lib/sysusers.d/libutempter.conf
/usr/lib/sysusers.d/lockdev.conf
/usr/lib/sysusers.d/networkmanager-openconnect.conf
/usr/lib/sysusers.d/passim.conf
/usr/lib/sysusers.d/plocate.conf
/usr/lib/sysusers.d/polkit.conf
/usr/lib/sysusers.d/ppp.conf
/usr/lib/sysusers.d/rpcbind.conf
/usr/lib/sysusers.d/rtkit.conf
/usr/lib/sysusers.d/setup.conf
/usr/lib/sysusers.d/thermald.conf
/usr/lib/sysusers.d/tpm2-tss.conf
/usr/lib/sysusers.d/usbmuxd.conf
/usr/lib/sysusers.d/wsdd.conf
/usr/lib/sysusers.d/qatlib.conf
/usr/lib/sysusers.d/geoclue-sysusers.conf
/usr/lib/sysusers.d/httpd.conf
/usr/lib/sysusers.d/systemd-journal.conf
/usr/lib/sysusers.d/systemd-oom.conf
/usr/lib/sysusers.d/abrt.conf
/usr/lib/sysusers.d/systemd-coredump.conf
/usr/lib/sysusers.d/systemd-timesync.conf
/usr/lib/sysusers.d/sssd.conf
/usr/lib/sysusers.d/dnsmasq.conf
/usr/lib/sysusers.d/flatpak.conf
/usr/lib/sysusers.d/openvpn.conf
/usr/lib/sysusers.d/nm-openvpn-sysusers.conf
/usr/lib/sysusers.d/pipewire.conf
/usr/lib/sysusers.d/gdm.conf
/usr/lib/sysusers.d/unbound.conf
/usr/lib/sysusers.d/gnome-remote-desktop-sysusers.conf
/usr/lib/sysusers.d/openssh-server.conf
/usr/lib/sysusers.d/chrony.conf
/usr/lib/sysusers.d/systemd-network.conf
/usr/lib/sysusers.d/systemd-resolve.conf
/usr/lib/sysusers.d/samba.conf
/usr/lib/sysusers.d/qemu.conf
/usr/lib/sysusers.d/libvirt.conf
/usr/lib/sysusers.d/libvirt-qemu.conf
/usr/lib/sysusers.d/nfs-utils.conf
/usr/lib/sysusers.d/virtualbox-guest-additions.conf
/usr/lib/sysusers.d/tcpdump.conf
/usr/lib/tmpfiles.d/colord.conf
/usr/lib/tmpfiles.d/dbus.conf
/usr/lib/tmpfiles.d/gluster.conf
/usr/lib/tmpfiles.d/gssproxy.conf
/usr/lib/tmpfiles.d/iscsi.conf
/usr/lib/tmpfiles.d/libselinux.conf
/usr/lib/tmpfiles.d/lockdev.conf
/usr/lib/tmpfiles.d/lvm2.conf
/usr/lib/tmpfiles.d/man-db.conf
/usr/lib/tmpfiles.d/mdadm.conf
/usr/lib/tmpfiles.d/polkit-tmpfiles.conf
/usr/lib/tmpfiles.d/ppp.conf
/usr/lib/tmpfiles.d/rootfiles.conf
/usr/lib/tmpfiles.d/rpcbind.conf
/usr/lib/tmpfiles.d/setup.conf
/usr/lib/tmpfiles.d/spice-vdagentd.conf
/usr/lib/tmpfiles.d/thermald.conf
/usr/lib/tmpfiles.d/toolbox.conf
/usr/lib/tmpfiles.d/tpm2-tss-fapi.conf
/usr/lib/tmpfiles.d/usbmuxd.conf
/usr/lib/tmpfiles.d/vpnc.conf
/usr/lib/tmpfiles.d/cryptsetup.conf
/usr/lib/tmpfiles.d/pam.conf
/usr/lib/tmpfiles.d/criu.conf
/usr/lib/tmpfiles.d/sudo.conf
/usr/lib/tmpfiles.d/dnf.conf
/usr/lib/tmpfiles.d/lastlog2-tmpfiles.conf
/usr/lib/tmpfiles.d/httpd.conf
/usr/lib/tmpfiles.d/20-systemd-osc-context.conf
/usr/lib/tmpfiles.d/20-systemd-shell-extra.conf
/usr/lib/tmpfiles.d/20-systemd-ssh-generator.conf
/usr/lib/tmpfiles.d/20-systemd-stub.conf
/usr/lib/tmpfiles.d/credstore.conf
/usr/lib/tmpfiles.d/etc.conf
/usr/lib/tmpfiles.d/home.conf
/usr/lib/tmpfiles.d/journal-nocow.conf
/usr/lib/tmpfiles.d/legacy.conf
/usr/lib/tmpfiles.d/portables.conf
/usr/lib/tmpfiles.d/provision.conf
/usr/lib/tmpfiles.d/static-nodes-permissions.conf
/usr/lib/tmpfiles.d/systemd-nologin.conf
/usr/lib/tmpfiles.d/systemd-tmp.conf
/usr/lib/tmpfiles.d/systemd.conf
/usr/lib/tmpfiles.d/tmp.conf
/usr/lib/tmpfiles.d/var.conf
/usr/lib/tmpfiles.d/x11.conf
/usr/lib/tmpfiles.d/abrt.conf
/usr/lib/tmpfiles.d/systemd-pstore.conf
/usr/lib/tmpfiles.d/sssd.conf
/usr/lib/tmpfiles.d/flatpak.conf
/usr/lib/tmpfiles.d/openvpn.conf
/usr/lib/tmpfiles.d/nm-openvpn-tmpfiles.conf
/usr/lib/tmpfiles.d/systemd-nspawn.conf
/usr/lib/tmpfiles.d/cups-lp.conf
/usr/lib/tmpfiles.d/cups.conf
/usr/lib/tmpfiles.d/unbound-libs.conf
/usr/lib/tmpfiles.d/hplip.conf
/usr/lib/tmpfiles.d/audit.conf
/usr/lib/tmpfiles.d/gnome-remote-desktop-tmpfiles.conf
/usr/lib/tmpfiles.d/gvfsd-fuse-tmpfiles.conf
/usr/lib/tmpfiles.d/systemd-network.conf
/usr/lib/tmpfiles.d/systemd-resolve.conf
/usr/lib/tmpfiles.d/podman.conf
/usr/lib/tmpfiles.d/samba.conf
/usr/lib/tmpfiles.d/selinux-policy.conf
/usr/lib/tmpfiles.d/udisks2.conf
/usr/lib/tmpfiles.d/tuned.conf
/usr/lib/tmpfiles.d/sos.conf
/usr/lib/tmpfiles.d/cockpit-ws.conf
/usr/lib/tuned/profiles/accelerator-performance/tuned.conf
/usr/lib/tuned/profiles/aws/tuned.conf
/usr/lib/tuned/profiles/balanced-battery/tuned.conf
/usr/lib/tuned/profiles/balanced/tuned.conf
/usr/lib/tuned/profiles/desktop/tuned.conf
/usr/lib/tuned/profiles/hpc-compute/tuned.conf
/usr/lib/tuned/profiles/intel-sst/tuned.conf
/usr/lib/tuned/profiles/latency-performance/tuned.conf
/usr/lib/tuned/profiles/network-latency/tuned.conf
/usr/lib/tuned/profiles/network-throughput/tuned.conf
/usr/lib/tuned/profiles/optimize-serial-console/tuned.conf
/usr/lib/tuned/profiles/powersave/tuned.conf
/usr/lib/tuned/profiles/throughput-performance/tuned.conf
/usr/lib/tuned/profiles/virtual-guest/tuned.conf
/usr/lib/tuned/profiles/virtual-host/tuned.conf
/usr/lib/tuned/recommend.d/50-tuned.conf
/usr/lib/udev/iocost.conf
/usr/lib/udev/udev.conf
/usr/lib/gconv/gconv-modules.d/gconv-modules-extra.conf
/usr/lib64/gconv/gconv-modules.d/gconv-modules-extra.conf
/usr/lib64/libpinyin/data/table.conf
/usr/lib64/libreoffice/share/fonts/truetype/fc_local.conf
/usr/lib64/libreoffice/share/psprint/psprint.conf
/usr/lib64/sssd/conf/sssd.conf
/usr/local/go/src/net/testdata/domain-resolv.conf
/usr/local/go/src/net/testdata/empty-resolv.conf
/usr/local/go/src/net/testdata/freebsd-usevc-resolv.conf
/usr/local/go/src/net/testdata/invalid-ndots-resolv.conf
/usr/local/go/src/net/testdata/large-ndots-resolv.conf
/usr/local/go/src/net/testdata/linux-use-vc-resolv.conf
/usr/local/go/src/net/testdata/negative-ndots-resolv.conf
/usr/local/go/src/net/testdata/openbsd-resolv.conf
/usr/local/go/src/net/testdata/openbsd-tcp-resolv.conf
/usr/local/go/src/net/testdata/resolv.conf
/usr/local/go/src/net/testdata/search-resolv.conf
/usr/local/go/src/net/testdata/search-single-dot-resolv.conf
/usr/local/go/src/net/testdata/single-request-reopen-resolv.conf
/usr/local/go/src/net/testdata/single-request-resolv.conf
/usr/share/ModemManager/mm-foxconn-t77w968-carrier-mapping.conf
/usr/share/alsa-card-profile/mixer/paths/analog-input-aux.conf
/usr/share/alsa-card-profile/mixer/paths/analog-input-dock-mic.conf
/usr/share/alsa-card-profile/mixer/paths/analog-input-fm.conf
/usr/share/alsa-card-profile/mixer/paths/analog-input-front-mic.conf
/usr/share/alsa-card-profile/mixer/paths/analog-input-headphone-mic.conf
/usr/share/alsa-card-profile/mixer/paths/analog-input-headset-mic.conf
/usr/share/alsa-card-profile/mixer/paths/analog-input-internal-mic-always.conf
/usr/share/alsa-card-profile/mixer/paths/analog-input-internal-mic.conf
/usr/share/alsa-card-profile/mixer/paths/analog-input-linein.conf
/usr/share/alsa-card-profile/mixer/paths/analog-input-mic-line.conf
/usr/share/alsa-card-profile/mixer/paths/analog-input-mic.conf
/usr/share/alsa-card-profile/mixer/paths/analog-input-rear-mic.conf
/usr/share/alsa-card-profile/mixer/paths/analog-input-tvtuner.conf
/usr/share/alsa-card-profile/mixer/paths/analog-input-video.conf
/usr/share/alsa-card-profile/mixer/paths/analog-input.conf
/usr/share/alsa-card-profile/mixer/paths/analog-output-chat.conf
/usr/share/alsa-card-profile/mixer/paths/analog-output-headphones-2.conf
/usr/share/alsa-card-profile/mixer/paths/analog-output-headphones.conf
/usr/share/alsa-card-profile/mixer/paths/analog-output-lineout.conf
/usr/share/alsa-card-profile/mixer/paths/analog-output-mono.conf
/usr/share/alsa-card-profile/mixer/paths/analog-output-speaker-always.conf
/usr/share/alsa-card-profile/mixer/paths/analog-output-speaker.conf
/usr/share/alsa-card-profile/mixer/paths/analog-output.conf
/usr/share/alsa-card-profile/mixer/paths/audigy-analog-output-mirror.conf
/usr/share/alsa-card-profile/mixer/paths/audigy-analog-output.conf
/usr/share/alsa-card-profile/mixer/paths/hdmi-output-0.conf
/usr/share/alsa-card-profile/mixer/paths/hdmi-output-1.conf
/usr/share/alsa-card-profile/mixer/paths/hdmi-output-10.conf
/usr/share/alsa-card-profile/mixer/paths/hdmi-output-2.conf
/usr/share/alsa-card-profile/mixer/paths/hdmi-output-3.conf
/usr/share/alsa-card-profile/mixer/paths/hdmi-output-4.conf
/usr/share/alsa-card-profile/mixer/paths/hdmi-output-5.conf
/usr/share/alsa-card-profile/mixer/paths/hdmi-output-6.conf
/usr/share/alsa-card-profile/mixer/paths/hdmi-output-7.conf
/usr/share/alsa-card-profile/mixer/paths/hdmi-output-8.conf
/usr/share/alsa-card-profile/mixer/paths/hdmi-output-9.conf
/usr/share/alsa-card-profile/mixer/paths/iec958-stereo-input.conf
/usr/share/alsa-card-profile/mixer/paths/iec958-stereo-output.conf
/usr/share/alsa-card-profile/mixer/paths/steelseries-arctis-output-chat-common.conf
/usr/share/alsa-card-profile/mixer/paths/steelseries-arctis-output-game-common.conf
/usr/share/alsa-card-profile/mixer/paths/usb-gaming-headset-input.conf
/usr/share/alsa-card-profile/mixer/paths/usb-gaming-headset-output-mono.conf
/usr/share/alsa-card-profile/mixer/paths/usb-gaming-headset-output-stereo.conf
/usr/share/alsa-card-profile/mixer/paths/virtual-surround-7.1.conf
/usr/share/alsa-card-profile/mixer/profile-sets/9999-custom.conf
/usr/share/alsa-card-profile/mixer/profile-sets/analog-only.conf
/usr/share/alsa-card-profile/mixer/profile-sets/asus-xonar-se.conf
/usr/share/alsa-card-profile/mixer/profile-sets/audigy.conf
/usr/share/alsa-card-profile/mixer/profile-sets/cmedia-high-speed-true-hdaudio.conf
/usr/share/alsa-card-profile/mixer/profile-sets/default.conf
/usr/share/alsa-card-profile/mixer/profile-sets/dell-dock-tb16-usb-audio.conf
/usr/share/alsa-card-profile/mixer/profile-sets/force-speaker-and-int-mic.conf
/usr/share/alsa-card-profile/mixer/profile-sets/force-speaker.conf
/usr/share/alsa-card-profile/mixer/profile-sets/hdmi-ac3.conf
/usr/share/alsa-card-profile/mixer/profile-sets/hp-tbt-dock-120w-g2.conf
/usr/share/alsa-card-profile/mixer/profile-sets/hp-tbt-dock-audio-module.conf
/usr/share/alsa-card-profile/mixer/profile-sets/kinect-audio.conf
/usr/share/alsa-card-profile/mixer/profile-sets/maudio-fasttrack-pro.conf
/usr/share/alsa-card-profile/mixer/profile-sets/native-instruments-audio4dj.conf
/usr/share/alsa-card-profile/mixer/profile-sets/native-instruments-audio8dj.conf
/usr/share/alsa-card-profile/mixer/profile-sets/native-instruments-komplete-audio6.conf
/usr/share/alsa-card-profile/mixer/profile-sets/native-instruments-korecontroller.conf
/usr/share/alsa-card-profile/mixer/profile-sets/native-instruments-traktor-audio10.conf
/usr/share/alsa-card-profile/mixer/profile-sets/native-instruments-traktor-audio2.conf
/usr/share/alsa-card-profile/mixer/profile-sets/native-instruments-traktor-audio6.conf
/usr/share/alsa-card-profile/mixer/profile-sets/native-instruments-traktorkontrol-s4.conf
/usr/share/alsa-card-profile/mixer/profile-sets/sb-omni-surround-5.1.conf
/usr/share/alsa-card-profile/mixer/profile-sets/sennheiser-gsx.conf
/usr/share/alsa-card-profile/mixer/profile-sets/simple-headphones-mic.conf
/usr/share/alsa-card-profile/mixer/profile-sets/steelseries-arctis-common-usb-audio.conf
/usr/share/alsa-card-profile/mixer/profile-sets/texas-instruments-pcm2902.conf
/usr/share/alsa-card-profile/mixer/profile-sets/usb-gaming-headset.conf
/usr/share/alsa/alsa.conf.d/50-pipewire.conf
/usr/share/alsa/alsa.conf.d/99-pipewire-default.conf
/usr/share/alsa/cards/AACI.conf
/usr/share/alsa/cards/ATIIXP-MODEM.conf
/usr/share/alsa/cards/ATIIXP-SPDMA.conf
/usr/share/alsa/cards/ATIIXP.conf
/usr/share/alsa/cards/AU8810.conf
/usr/share/alsa/cards/AU8820.conf
/usr/share/alsa/cards/AU8830.conf
/usr/share/alsa/cards/Audigy.conf
/usr/share/alsa/cards/Audigy2.conf
/usr/share/alsa/cards/Aureon51.conf
/usr/share/alsa/cards/Aureon71.conf
/usr/share/alsa/cards/CA0106.conf
/usr/share/alsa/cards/CMI8338-SWIEC.conf
/usr/share/alsa/cards/CMI8338.conf
/usr/share/alsa/cards/CMI8738-MC6.conf
/usr/share/alsa/cards/CMI8738-MC8.conf
/usr/share/alsa/cards/CMI8788.conf
/usr/share/alsa/cards/CS46xx.conf
/usr/share/alsa/cards/EMU10K1.conf
/usr/share/alsa/cards/EMU10K1X.conf
/usr/share/alsa/cards/ENS1370.conf
/usr/share/alsa/cards/ENS1371.conf
/usr/share/alsa/cards/ES1968.conf
/usr/share/alsa/cards/Echo_Echo3G.conf
/usr/share/alsa/cards/FM801.conf
/usr/share/alsa/cards/FWSpeakers.conf
/usr/share/alsa/cards/FireWave.conf
/usr/share/alsa/cards/GUS.conf
/usr/share/alsa/cards/HDA-Intel.conf
/usr/share/alsa/cards/HdmiLpeAudio.conf
/usr/share/alsa/cards/ICE1712.conf
/usr/share/alsa/cards/ICE1724.conf
/usr/share/alsa/cards/ICH-MODEM.conf
/usr/share/alsa/cards/ICH.conf
/usr/share/alsa/cards/ICH4.conf
/usr/share/alsa/cards/Loopback.conf
/usr/share/alsa/cards/Maestro3.conf
/usr/share/alsa/cards/NFORCE.conf
/usr/share/alsa/cards/PC-Speaker.conf
/usr/share/alsa/cards/PMac.conf
/usr/share/alsa/cards/PMacToonie.conf
/usr/share/alsa/cards/PS3.conf
/usr/share/alsa/cards/RME9636.conf
/usr/share/alsa/cards/RME9652.conf
/usr/share/alsa/cards/SB-XFi.conf
/usr/share/alsa/cards/SI7018.conf
/usr/share/alsa/cards/TRID4DWAVENX.conf
/usr/share/alsa/cards/USB-Audio.conf
/usr/share/alsa/cards/VIA686A.conf
/usr/share/alsa/cards/VIA8233.conf
/usr/share/alsa/cards/VIA8233A.conf
/usr/share/alsa/cards/VIA8237.conf
/usr/share/alsa/cards/VX222.conf
/usr/share/alsa/cards/VXPocket.conf
/usr/share/alsa/cards/VXPocket440.conf
/usr/share/alsa/cards/YMF744.conf
/usr/share/alsa/cards/aliases.conf
/usr/share/alsa/cards/pistachio-card.conf
/usr/share/alsa/cards/vc4-hdmi.conf
/usr/share/alsa/ctl/default.conf
/usr/share/alsa/pcm/center_lfe.conf
/usr/share/alsa/pcm/default.conf
/usr/share/alsa/pcm/dmix.conf
/usr/share/alsa/pcm/dpl.conf
/usr/share/alsa/pcm/dsnoop.conf
/usr/share/alsa/pcm/front.conf
/usr/share/alsa/pcm/hdmi.conf
/usr/share/alsa/pcm/iec958.conf
/usr/share/alsa/pcm/modem.conf
/usr/share/alsa/pcm/rear.conf
/usr/share/alsa/pcm/side.conf
/usr/share/alsa/pcm/surround21.conf
/usr/share/alsa/pcm/surround40.conf
/usr/share/alsa/pcm/surround41.conf
/usr/share/alsa/pcm/surround50.conf
/usr/share/alsa/pcm/surround51.conf
/usr/share/alsa/pcm/surround71.conf
/usr/share/alsa/ucm2/AMD/acp-da7219-rt5682-max98357/HiFi.conf
/usr/share/alsa/ucm2/AMD/acp-da7219-rt5682-max98357/acp-da7219-rt5682-max98357.conf
/usr/share/alsa/ucm2/AMD/acp3x-alc5682-alc1015/HiFi.conf
/usr/share/alsa/ucm2/AMD/acp3x-alc5682-alc1015/acp3x-alc5682-alc1015.conf
/usr/share/alsa/ucm2/AMD/acp3x-alc5682-max98357/HiFi.conf
/usr/share/alsa/ucm2/AMD/acp3x-alc5682-max98357/acp3x-alc5682-max98357.conf
/usr/share/alsa/ucm2/AMD/acp3x-es83xx/HiFi.conf
/usr/share/alsa/ucm2/AMD/acp3x-es83xx/acp3x-es83xx.conf
/usr/share/alsa/ucm2/AMD/acp5x/HiFi.conf
/usr/share/alsa/ucm2/AMD/acp5x/acp5x.conf
/usr/share/alsa/ucm2/Allwinner/A64/PinePhone/HiFi.conf
/usr/share/alsa/ucm2/Allwinner/A64/PinePhone/PinePhone.conf
/usr/share/alsa/ucm2/Allwinner/A64/PinePhone/VoiceCall.conf
/usr/share/alsa/ucm2/Allwinner/sun4i-h616/HiFi.conf
/usr/share/alsa/ucm2/Amlogic/p241/p241-HiFi.conf
/usr/share/alsa/ucm2/Amlogic/p241/p241.conf
/usr/share/alsa/ucm2/HDA/DualCodecs/DualCodecs.conf
/usr/share/alsa/ucm2/HDA/DualCodecs/HiFi.conf
/usr/share/alsa/ucm2/HDA/HDA.conf
/usr/share/alsa/ucm2/HDA/Hdmi.conf
/usr/share/alsa/ucm2/HDA/HiFi-acp.conf
/usr/share/alsa/ucm2/HDA/HiFi-analog.conf
/usr/share/alsa/ucm2/HDA/HiFi-mic.conf
/usr/share/alsa/ucm2/HDA/HiFi.conf
/usr/share/alsa/ucm2/HDA/init.conf
/usr/share/alsa/ucm2/IO-Boards/Toradex/apalis/eval-HiFi.conf
/usr/share/alsa/ucm2/IO-Boards/Toradex/apalis/eval.conf
/usr/share/alsa/ucm2/IO-Boards/Toradex/smarc/dev-HiFi.conf
/usr/share/alsa/ucm2/IO-Boards/Toradex/smarc/dev.conf
/usr/share/alsa/ucm2/IO-Boards/Toradex/verdin/dahlia-HiFi.conf
/usr/share/alsa/ucm2/IO-Boards/Toradex/verdin/dahlia.conf
/usr/share/alsa/ucm2/IO-Boards/Toradex/verdin/dev-HiFi.conf
/usr/share/alsa/ucm2/IO-Boards/Toradex/verdin/dev.conf
/usr/share/alsa/ucm2/IO-Boards/Toradex/aquila/dev-HiFi.conf
/usr/share/alsa/ucm2/IO-Boards/Toradex/aquila/dev.conf
/usr/share/alsa/ucm2/Intel/SOF/HiFi.conf
/usr/share/alsa/ucm2/Intel/SOF/SOF.conf
/usr/share/alsa/ucm2/Intel/avs/avs_da7219/avs_da7219-HiFi.conf
/usr/share/alsa/ucm2/Intel/avs/avs_da7219/avs_da7219.conf
/usr/share/alsa/ucm2/Intel/avs/avs_dmic/DMIC-2ch-HiFi.conf
/usr/share/alsa/ucm2/Intel/avs/avs_dmic/DMIC-2ch.conf
/usr/share/alsa/ucm2/Intel/avs/avs_dmic/DMIC-4ch-HiFi.conf
/usr/share/alsa/ucm2/Intel/avs/avs_dmic/DMIC-4ch.conf
/usr/share/alsa/ucm2/Intel/avs/avs_max98357a/avs_max98357a-HiFi.conf
/usr/share/alsa/ucm2/Intel/avs/avs_max98357a/avs_max98357a.conf
/usr/share/alsa/ucm2/Intel/avs/avs_max98373/Google-Atlas-1.0-HiFi.conf
/usr/share/alsa/ucm2/Intel/avs/avs_max98373/Google-Atlas-1.0.conf
/usr/share/alsa/ucm2/Intel/avs/avs_max98927/Google-Eve-1.0-HiFi.conf
/usr/share/alsa/ucm2/Intel/avs/avs_max98927/Google-Eve-1.0.conf
/usr/share/alsa/ucm2/Intel/avs/avs_max98927/HP-Soraka-1.0-HiFi.conf
/usr/share/alsa/ucm2/Intel/avs/avs_max98927/HP-Soraka-1.0.conf
/usr/share/alsa/ucm2/Intel/avs/avs_nau8825/Acer-Lars-1.0.conf
/usr/share/alsa/ucm2/Intel/avs/avs_nau8825/Google-Cave-1.0.conf
/usr/share/alsa/ucm2/Intel/avs/avs_nau8825/Hewlett_Packard-Chell-1.0-HiFi.conf
/usr/share/alsa/ucm2/Intel/avs/avs_nau8825/Hewlett_Packard-Chell-1.0.conf
/usr/share/alsa/ucm2/Intel/avs/avs_nau8825/avs_nau8825-HiFi.conf
/usr/share/alsa/ucm2/Intel/avs/avs_rt5514/Google-Eve-1.0-HiFi.conf
/usr/share/alsa/ucm2/Intel/avs/avs_rt5514/Google-Eve-1.0.conf
/usr/share/alsa/ucm2/Intel/avs/avs_rt5663/Google-Eve-1.0-HiFi.conf
/usr/share/alsa/ucm2/Intel/avs/avs_rt5663/Google-Eve-1.0.conf
/usr/share/alsa/ucm2/Intel/avs/avs_rt5663/HP-Soraka-1.0-HiFi.conf
/usr/share/alsa/ucm2/Intel/avs/avs_rt5663/HP-Soraka-1.0.conf
/usr/share/alsa/ucm2/Intel/avs/avs_ssm4567/Hewlett_Packard-Chell-1.0-HiFi.conf
/usr/share/alsa/ucm2/Intel/avs/avs_ssm4567/Hewlett_Packard-Chell-1.0.conf
/usr/share/alsa/ucm2/Intel/avs/hdaudioB0D2/hdaudioB0D2-HiFi.conf
/usr/share/alsa/ucm2/Intel/avs/hdaudioB0D2/hdaudioB0D2.conf
/usr/share/alsa/ucm2/Intel/bdw-rt5677/HiFi.conf
/usr/share/alsa/ucm2/Intel/bdw-rt5677/bdw-rt5677.conf
/usr/share/alsa/ucm2/Intel/broadwell-rt286/HiFi.conf
/usr/share/alsa/ucm2/Intel/broadwell-rt286/broadwell-rt286.conf
/usr/share/alsa/ucm2/Intel/broxton-rt298/Hdmi.conf
/usr/share/alsa/ucm2/Intel/broxton-rt298/HiFi.conf
/usr/share/alsa/ucm2/Intel/broxton-rt298/broxton-rt298.conf
/usr/share/alsa/ucm2/Intel/bytcht-cx2072x/HiFi.conf
/usr/share/alsa/ucm2/Intel/bytcht-cx2072x/bytcht-cx2072x.conf
/usr/share/alsa/ucm2/Intel/bytcht-es8316/HiFi-Components.conf
/usr/share/alsa/ucm2/Intel/bytcht-es8316/HiFi-LongName.conf
/usr/share/alsa/ucm2/Intel/bytcht-es8316/HiFi.conf
/usr/share/alsa/ucm2/Intel/bytcht-es8316/bytcht-es8316.conf
/usr/share/alsa/ucm2/Intel/bytcr-rt5640/HiFi-Components.conf
/usr/share/alsa/ucm2/Intel/bytcr-rt5640/HiFi-LongName.conf
/usr/share/alsa/ucm2/Intel/bytcr-rt5640/HiFi.conf
/usr/share/alsa/ucm2/Intel/bytcr-rt5640/bytcr-rt5640.conf
/usr/share/alsa/ucm2/Intel/bytcr-rt5651/HiFi-Components.conf
/usr/share/alsa/ucm2/Intel/bytcr-rt5651/HiFi-LongName.conf
/usr/share/alsa/ucm2/Intel/bytcr-rt5651/HiFi.conf
/usr/share/alsa/ucm2/Intel/bytcr-rt5651/bytcr-rt5651.conf
/usr/share/alsa/ucm2/Intel/bytcr-wm5102/HiFi.conf
/usr/share/alsa/ucm2/Intel/bytcr-wm5102/bytcr-wm5102.conf
/usr/share/alsa/ucm2/Intel/cht-bsw-rt5672/HiFi.conf
/usr/share/alsa/ucm2/Intel/cht-bsw-rt5672/cht-bsw-rt5672.conf
/usr/share/alsa/ucm2/Intel/chtmax98090/HiFi.conf
/usr/share/alsa/ucm2/Intel/chtmax98090/chtmax98090.conf
/usr/share/alsa/ucm2/Intel/chtnau8824/HiFi.conf
/usr/share/alsa/ucm2/Intel/chtnau8824/chtnau8824.conf
/usr/share/alsa/ucm2/Intel/chtrt5645/HiFi.conf
/usr/share/alsa/ucm2/Intel/chtrt5645/chtrt5645.conf
/usr/share/alsa/ucm2/Intel/chtrt5650/HiFi.conf
/usr/share/alsa/ucm2/Intel/chtrt5650/chtrt5650.conf
/usr/share/alsa/ucm2/Intel/hda-dsp/Hdmi1.conf
/usr/share/alsa/ucm2/Intel/hda-dsp/Hdmi2.conf
/usr/share/alsa/ucm2/Intel/hda-dsp/HiFi.conf
/usr/share/alsa/ucm2/Intel/hda-dsp/hda-dsp.conf
/usr/share/alsa/ucm2/Intel/kblrt5660/Hdmi1.conf
/usr/share/alsa/ucm2/Intel/kblrt5660/Hdmi2.conf
/usr/share/alsa/ucm2/Intel/kblrt5660/HiFi.conf
/usr/share/alsa/ucm2/Intel/kblrt5660/kblrt5660.conf
/usr/share/alsa/ucm2/Intel/skylake-rt286/Hdmi1.conf
/usr/share/alsa/ucm2/Intel/skylake-rt286/Hdmi2.conf
/usr/share/alsa/ucm2/Intel/skylake-rt286/HiFi.conf
/usr/share/alsa/ucm2/Intel/skylake-rt286/skylake-rt286.conf
/usr/share/alsa/ucm2/Intel/sof-ehl-rt5660/Hdmi.conf
/usr/share/alsa/ucm2/Intel/sof-ehl-rt5660/HiFi.conf
/usr/share/alsa/ucm2/Intel/sof-ehl-rt5660/sof-ehl-rt5660.conf
/usr/share/alsa/ucm2/Intel/sof-essx8336/Hdmi.conf
/usr/share/alsa/ucm2/Intel/sof-essx8336/HiFi.conf
/usr/share/alsa/ucm2/Intel/sof-essx8336/sof-essx8336.conf
/usr/share/alsa/ucm2/Intel/sof-glkda7219max/Hdmi.conf
/usr/share/alsa/ucm2/Intel/sof-glkda7219max/HiFi.conf
/usr/share/alsa/ucm2/Intel/sof-glkda7219max/sof-glkda7219max.conf
/usr/share/alsa/ucm2/Intel/sof-hda-dsp/Hdmi.conf
/usr/share/alsa/ucm2/Intel/sof-hda-dsp/HiFi-sof.conf
/usr/share/alsa/ucm2/Intel/sof-hda-dsp/HiFi.conf
/usr/share/alsa/ucm2/Intel/sof-hda-dsp/dsp.conf
/usr/share/alsa/ucm2/Intel/sof-hda-dsp/sof-hda-dsp.conf
/usr/share/alsa/ucm2/MediaTek/mt8183/mt8183_da7219_rt1015p/HiFi.conf
/usr/share/alsa/ucm2/MediaTek/mt8183/mt8183_da7219_rt1015p/mt8183_da7219_rt1015p.conf
/usr/share/alsa/ucm2/MediaTek/mt8183/mt8183_mt6358_ts3a227_max98357/HiFi.conf
/usr/share/alsa/ucm2/MediaTek/mt8183/mt8183_mt6358_ts3a227_max98357/mt8183_mt6358_ts3a227_max98357.conf
/usr/share/alsa/ucm2/MediaTek/mt8192/mt6359-rt1015p-rt5682/HiFi.conf
/usr/share/alsa/ucm2/MediaTek/mt8192/mt6359-rt1015p-rt5682/init.conf
/usr/share/alsa/ucm2/MediaTek/mt8192/mt6359-rt1015p-rt5682/mt8192_mt6359_rt1015p_rt5682.conf
/usr/share/alsa/ucm2/MediaTek/mt8195-sof/mt6359-rt1019-rt5682/HiFi.conf
/usr/share/alsa/ucm2/MediaTek/mt8195-sof/mt6359-rt1019-rt5682/init.conf
/usr/share/alsa/ucm2/MediaTek/mt8195-sof/mt6359-rt1019-rt5682/sof-mt8195-mt6359-rt1019-rt5682.conf
/usr/share/alsa/ucm2/MediaTek/mt8195-sof/init.conf
/usr/share/alsa/ucm2/MediaTek/mt8195_demo/HiFi.conf
/usr/share/alsa/ucm2/MediaTek/mt8195_demo/mt8195_demo.conf
/usr/share/alsa/ucm2/MediaTek/mt8365-evk/sof/SOF.conf
/usr/share/alsa/ucm2/MediaTek/mt8365-evk/sof/sof-mt8365-evk.conf
/usr/share/alsa/ucm2/MediaTek/mt8365-evk/HiFi.conf
/usr/share/alsa/ucm2/MediaTek/mt8365-evk/init.conf
/usr/share/alsa/ucm2/MediaTek/mt8365-evk/mt8365-evk.conf
/usr/share/alsa/ucm2/MediaTek/mt8370-evk/HiFi.conf
/usr/share/alsa/ucm2/MediaTek/mt8370-evk/mt8370-evk.conf
/usr/share/alsa/ucm2/MediaTek/mt8390-evk/sof/sof-mt8390-evk.conf
/usr/share/alsa/ucm2/MediaTek/mt8390-evk/HiFi.conf
/usr/share/alsa/ucm2/MediaTek/mt8390-evk/init.conf
/usr/share/alsa/ucm2/MediaTek/mt8390-evk/mt8390-evk.conf
/usr/share/alsa/ucm2/MediaTek/mt8395-evk/HiFi.conf
/usr/share/alsa/ucm2/MediaTek/mt8395-evk/mt8395-evk.conf
/usr/share/alsa/ucm2/MediaTek/mtk-rt5650/HDMI.conf
/usr/share/alsa/ucm2/MediaTek/mtk-rt5650/HiFi.conf
/usr/share/alsa/ucm2/MediaTek/mtk-rt5650/init.conf
/usr/share/alsa/ucm2/MediaTek/mtk-rt5650/mtk-rt5650.conf
/usr/share/alsa/ucm2/MediaTek/mt8196-sof/nau8825-nau8318/HiFi.conf
/usr/share/alsa/ucm2/MediaTek/mt8196-sof/nau8825-nau8318/sof-mt8196-nau8825-nau8318.conf
/usr/share/alsa/ucm2/MediaTek/mt8196-sof/init.conf
/usr/share/alsa/ucm2/MediaTek/mt8391-evk/HiFi.conf
/usr/share/alsa/ucm2/MediaTek/mt8391-evk/init.conf
/usr/share/alsa/ucm2/MediaTek/mt8391-evk/mt8391-evk.conf
/usr/share/alsa/ucm2/MediaTek/sof-mt8395-evk/HiFi.conf
/usr/share/alsa/ucm2/MediaTek/sof-mt8395-evk/sof-mt8395-evk.conf
/usr/share/alsa/ucm2/NXP/iMX6/Toradex/apalis-imx6/HiFi.conf
/usr/share/alsa/ucm2/NXP/iMX6/Toradex/apalis-imx6/apalis-imx6.conf
/usr/share/alsa/ucm2/NXP/iMX6/Toradex/colibri-imx6/HiFi.conf
/usr/share/alsa/ucm2/NXP/iMX6/Toradex/colibri-imx6/colibri-imx6.conf
/usr/share/alsa/ucm2/NXP/iMX7/Toradex/colibri-imx7/HiFi.conf
/usr/share/alsa/ucm2/NXP/iMX7/Toradex/colibri-imx7/colibri-imx7.conf
/usr/share/alsa/ucm2/NXP/iMX8/Librem_5/HiFi.conf
/usr/share/alsa/ucm2/NXP/iMX8/Librem_5/Librem 5.conf
/usr/share/alsa/ucm2/NXP/iMX8/Librem_5_Devkit/HiFi.conf
/usr/share/alsa/ucm2/NXP/iMX8/Librem_5_Devkit/Librem 5 Devkit.conf
/usr/share/alsa/ucm2/NXP/iMX8/Toradex/apalis-imx8/HiFi.conf
/usr/share/alsa/ucm2/NXP/iMX8/Toradex/apalis-imx8/apalis-imx8.conf
/usr/share/alsa/ucm2/NXP/iMX8X/Toradex/colibri-imx8x/HiFi.conf
/usr/share/alsa/ucm2/NXP/iMX8X/Toradex/colibri-imx8x/colibri-imx8x.conf
/usr/share/alsa/ucm2/OMAP/abe-twl6040/Pandaboard/FMAnalog.conf
/usr/share/alsa/ucm2/OMAP/abe-twl6040/Pandaboard/HiFi.conf
/usr/share/alsa/ucm2/OMAP/abe-twl6040/Pandaboard/HiFiLP.conf
/usr/share/alsa/ucm2/OMAP/abe-twl6040/Pandaboard/Pandaboard.conf
/usr/share/alsa/ucm2/OMAP/abe-twl6040/Pandaboard/Record.conf
/usr/share/alsa/ucm2/OMAP/abe-twl6040/Pandaboard/Voice.conf
/usr/share/alsa/ucm2/OMAP/abe-twl6040/Pandaboard/VoiceCall.conf
/usr/share/alsa/ucm2/OMAP/abe-twl6040/SDP4430/FMAnalog.conf
/usr/share/alsa/ucm2/OMAP/abe-twl6040/SDP4430/HiFi.conf
/usr/share/alsa/ucm2/OMAP/abe-twl6040/SDP4430/HiFiLP.conf
/usr/share/alsa/ucm2/OMAP/abe-twl6040/SDP4430/Record.conf
/usr/share/alsa/ucm2/OMAP/abe-twl6040/SDP4430/SDP4430.conf
/usr/share/alsa/ucm2/OMAP/abe-twl6040/SDP4430/Voice.conf
/usr/share/alsa/ucm2/OMAP/abe-twl6040/SDP4430/VoiceCall.conf
/usr/share/alsa/ucm2/OMAP/abe-twl6040/abe-twl6040.conf
/usr/share/alsa/ucm2/Qualcomm/apq8016-sbc/HDMI.conf
/usr/share/alsa/ucm2/Qualcomm/apq8016-sbc/HiFi.conf
/usr/share/alsa/ucm2/Qualcomm/apq8016-sbc/apq8016-sbc.conf
/usr/share/alsa/ucm2/Qualcomm/apq8096/HDMI.conf
/usr/share/alsa/ucm2/Qualcomm/apq8096/HiFi.conf
/usr/share/alsa/ucm2/Qualcomm/apq8096/apq8096.conf
/usr/share/alsa/ucm2/Qualcomm/qcm6490/QCM6490-IDP/HiFi.conf
/usr/share/alsa/ucm2/Qualcomm/qcm6490/QCM6490-IDP/qcm6490-idp-snd-card.conf
/usr/share/alsa/ucm2/Qualcomm/qcs6490/QCS6490-RB3Gen2/HiFi.conf
/usr/share/alsa/ucm2/Qualcomm/qcs6490/QCS6490-RB3Gen2/QCS6490-RB3Gen2.conf
/usr/share/alsa/ucm2/Qualcomm/qcs6490/QCS6490-Radxa-Dragon-Q6A/HiFi.conf
/usr/share/alsa/ucm2/Qualcomm/qcs6490/QCS6490-Radxa-Dragon-Q6A/QCS6490-Radxa-Dragon-Q6A.conf
/usr/share/alsa/ucm2/Qualcomm/sc7180/adau7002-max98357a/HiFi.conf
/usr/share/alsa/ucm2/Qualcomm/sc7180/adau7002-max98357a/sc7180-adau7002-max98357a.conf
/usr/share/alsa/ucm2/Qualcomm/sc7180/rt5682-max98357a/HiFi.conf
/usr/share/alsa/ucm2/Qualcomm/sc7180/rt5682-max98357a/init.conf
/usr/share/alsa/ucm2/Qualcomm/sc7180/rt5682-max98357a/sc7180-rt5682-max98357a-1mic.conf
/usr/share/alsa/ucm2/Qualcomm/sc8280xp/HiFi.conf
/usr/share/alsa/ucm2/Qualcomm/sc8280xp/LENOVO-X13s.conf
/usr/share/alsa/ucm2/Qualcomm/sc8280xp/sc8280xp.conf
/usr/share/alsa/ucm2/Qualcomm/sdm845/HDMI.conf
/usr/share/alsa/ucm2/Qualcomm/sdm845/HiFi-MM1.conf
/usr/share/alsa/ucm2/Qualcomm/sdm845/HiFi.conf
/usr/share/alsa/ucm2/Qualcomm/sdm845/Lenovo-YOGA-C630-13Q50.conf
/usr/share/alsa/ucm2/Qualcomm/sdm845/sdm845.conf
/usr/share/alsa/ucm2/Qualcomm/sm8250/HDMI.conf
/usr/share/alsa/ucm2/Qualcomm/sm8250/HiFi.conf
/usr/share/alsa/ucm2/Qualcomm/sm8250/Qualcomm-RB5-WSA8815-Speakers-DMIC0.conf
/usr/share/alsa/ucm2/Qualcomm/sm8550/HDK/HiFi.conf
/usr/share/alsa/ucm2/Qualcomm/sm8550/HDK/SM8550-HDK.conf
/usr/share/alsa/ucm2/Qualcomm/sm8650/MTP/HiFi.conf
/usr/share/alsa/ucm2/Qualcomm/sm8650/MTP/SM8650-MTP.conf
/usr/share/alsa/ucm2/Qualcomm/sm8650/QRD/HiFi.conf
/usr/share/alsa/ucm2/Qualcomm/sm8650/QRD/SM8650-QRD.conf
/usr/share/alsa/ucm2/Qualcomm/sm8750/MTP/HiFi.conf
/usr/share/alsa/ucm2/Qualcomm/sm8750/MTP/SM8750-MTP.conf
/usr/share/alsa/ucm2/Qualcomm/x1e80100/DEVKIT-HiFi.conf
/usr/share/alsa/ucm2/Qualcomm/x1e80100/Dell-Latitude-7455.conf
/usr/share/alsa/ucm2/Qualcomm/x1e80100/Elite-14-HiFi.conf
/usr/share/alsa/ucm2/Qualcomm/x1e80100/HiFi.conf
/usr/share/alsa/ucm2/Qualcomm/x1e80100/LENOVO-Slim-7x.conf
/usr/share/alsa/ucm2/Qualcomm/x1e80100/LENOVO-T14s.conf
/usr/share/alsa/ucm2/Qualcomm/x1e80100/Latitude7455-HiFi.conf
/usr/share/alsa/ucm2/Qualcomm/x1e80100/MICROSOFT-Surface-Pro-12in.conf
/usr/share/alsa/ucm2/Qualcomm/x1e80100/Slim7x-HiFi.conf
/usr/share/alsa/ucm2/Qualcomm/x1e80100/Surface12in-HiFi.conf
/usr/share/alsa/ucm2/Qualcomm/x1e80100/T14s-HiFi.conf
/usr/share/alsa/ucm2/Qualcomm/x1e80100/TUXEDO-Elite-14.conf
/usr/share/alsa/ucm2/Qualcomm/x1e80100/X1E001DE-DEVKIT.conf
/usr/share/alsa/ucm2/Qualcomm/x1e80100/X1E80100-CRD.conf
/usr/share/alsa/ucm2/Qualcomm/x1e80100/X1E80100-EVK.conf
/usr/share/alsa/ucm2/Qualcomm/x1e80100/x1e80100.conf
/usr/share/alsa/ucm2/Qualcomm/kaanapali/MTP/HiFi.conf
/usr/share/alsa/ucm2/Qualcomm/kaanapali/MTP/Kaanapali-MTP.conf
/usr/share/alsa/ucm2/Qualcomm/qcs615/HiFi.conf
/usr/share/alsa/ucm2/Qualcomm/qcs615/TALOS-EVK.conf
/usr/share/alsa/ucm2/Qualcomm/qcs8300/monaco-evk/HiFi.conf
/usr/share/alsa/ucm2/Qualcomm/qcs8300/monaco-evk/MONACO-EVK.conf
/usr/share/alsa/ucm2/Qualcomm/sa8775p/lemans-evk/HiFi.conf
/usr/share/alsa/ucm2/Qualcomm/sa8775p/lemans-evk/LEMANS-EVK.conf
/usr/share/alsa/ucm2/Rockchip/es8316/HiFi.conf
/usr/share/alsa/ucm2/Rockchip/es8316/es8316.conf
/usr/share/alsa/ucm2/Rockchip/max98090/HiFi.conf
/usr/share/alsa/ucm2/Rockchip/max98090/max98090.conf
/usr/share/alsa/ucm2/Rockchip/rk3399-gru-sound/HiFi.conf
/usr/share/alsa/ucm2/Rockchip/rk3399-gru-sound/rk3399-gru-sound.conf
/usr/share/alsa/ucm2/Rockchip/rk3588-es8316/HiFi.conf
/usr/share/alsa/ucm2/Rockchip/rk3588-es8316/rk3588-es8316.conf
/usr/share/alsa/ucm2/Rockchip/rk817-sound/HiFi.conf
/usr/share/alsa/ucm2/Rockchip/rk817-sound/rk817-sound.conf
/usr/share/alsa/ucm2/Samsung/snow/HiFi.conf
/usr/share/alsa/ucm2/Samsung/snow/snow.conf
/usr/share/alsa/ucm2/Tegra/alc5632/HiFi.conf
/usr/share/alsa/ucm2/Tegra/alc5632/Record.conf
/usr/share/alsa/ucm2/Tegra/alc5632/alc5632.conf
/usr/share/alsa/ucm2/Tegra/max98089/lge-x3-HiFi.conf
/usr/share/alsa/ucm2/Tegra/max98089/lge-x3-VoiceCall.conf
/usr/share/alsa/ucm2/Tegra/max98089/lge-x3.conf
/usr/share/alsa/ucm2/Tegra/max98090/HiFi.conf
/usr/share/alsa/ucm2/Tegra/max98090/max98090.conf
/usr/share/alsa/ucm2/Tegra/rt5631/Asus-Transformer-HiFi.conf
/usr/share/alsa/ucm2/Tegra/rt5631/Asus-Transformer.conf
/usr/share/alsa/ucm2/Tegra/rt5640/Google-Nexus-7-HiFi.conf
/usr/share/alsa/ucm2/Tegra/rt5640/Google-Nexus-7.conf
/usr/share/alsa/ucm2/Tegra/tegra-hda/tegra-hda-HiFi.conf
/usr/share/alsa/ucm2/Tegra/tegra-hda/tegra-hda.conf
/usr/share/alsa/ucm2/Tegra/wm8903/Acer-A500-HiFi.conf
/usr/share/alsa/ucm2/Tegra/wm8903/Acer-A500.conf
/usr/share/alsa/ucm2/Tegra/wm8903/Asus-Transformer-HiFi.conf
/usr/share/alsa/ucm2/Tegra/wm8903/Asus-Transformer.conf
/usr/share/alsa/ucm2/USB-Audio/AllenAndHeath/Zedi10-Hifi.conf
/usr/share/alsa/ucm2/USB-Audio/AllenAndHeath/Zedi10.conf
/usr/share/alsa/ucm2/USB-Audio/Arturia/Minifuse-12-HiFi.conf
/usr/share/alsa/ucm2/USB-Audio/Arturia/Minifuse-12.conf
/usr/share/alsa/ucm2/USB-Audio/Arturia/Minifuse-4-HiFi.conf
/usr/share/alsa/ucm2/USB-Audio/Arturia/Minifuse-4.conf
/usr/share/alsa/ucm2/USB-Audio/Audient/Audient-iD14-0008.conf
/usr/share/alsa/ucm2/USB-Audio/Audient/Audient-iD14-HiFi-0008.conf
/usr/share/alsa/ucm2/USB-Audio/Audient/Audient-iD4-0003.conf
/usr/share/alsa/ucm2/USB-Audio/Audient/Audient-iD4-0009.conf
/usr/share/alsa/ucm2/USB-Audio/Audient/Audient-iD4-HiFi-0003.conf
/usr/share/alsa/ucm2/USB-Audio/Audient/Audient-iD4-HiFi-0009.conf
/usr/share/alsa/ucm2/USB-Audio/BOSS/Katana-HiFi.conf
/usr/share/alsa/ucm2/USB-Audio/BOSS/Katana.conf
/usr/share/alsa/ucm2/USB-Audio/Beacn/Beacn-Mic-HiFi.conf
/usr/share/alsa/ucm2/USB-Audio/Beacn/Beacn-Mic.conf
/usr/share/alsa/ucm2/USB-Audio/Beacn/Beacn-Studio-USB1-Channels.conf
/usr/share/alsa/ucm2/USB-Audio/Beacn/Beacn-Studio-USB1-HiFi.conf
/usr/share/alsa/ucm2/USB-Audio/Beacn/Beacn-Studio-USB1-Link-HiFi.conf
/usr/share/alsa/ucm2/USB-Audio/Beacn/Beacn-Studio-USB2-HiFi.conf
/usr/share/alsa/ucm2/USB-Audio/Beacn/Beacn-Studio.conf
/usr/share/alsa/ucm2/USB-Audio/Behringer/Flow8-Recording-Hifi.conf
/usr/share/alsa/ucm2/USB-Audio/Behringer/Flow8-Recording.conf
/usr/share/alsa/ucm2/USB-Audio/Behringer/Flow8-Streaming-Hifi.conf
/usr/share/alsa/ucm2/USB-Audio/Behringer/Flow8-Streaming.conf
/usr/share/alsa/ucm2/USB-Audio/Behringer/UMC202HD-HiFi.conf
/usr/share/alsa/ucm2/USB-Audio/Behringer/UMC202HD.conf
/usr/share/alsa/ucm2/USB-Audio/Behringer/UMC204HD-HiFi.conf
/usr/share/alsa/ucm2/USB-Audio/Behringer/UMC204HD.conf
/usr/share/alsa/ucm2/USB-Audio/Behringer/UMC404HD-HiFi.conf
/usr/share/alsa/ucm2/USB-Audio/Behringer/UMC404HD.conf
/usr/share/alsa/ucm2/USB-Audio/Common/HeadphonesOnly-HiFi.conf
/usr/share/alsa/ucm2/USB-Audio/Common/HeadphonesOnly.conf
/usr/share/alsa/ucm2/USB-Audio/Dell/Desktop-Front-Speaker-Headset.conf
/usr/share/alsa/ucm2/USB-Audio/Dell/Desktop-Front.conf
/usr/share/alsa/ucm2/USB-Audio/Dell/Desktop-Rear-Line.conf
/usr/share/alsa/ucm2/USB-Audio/Dell/Desktop-Rear.conf
/usr/share/alsa/ucm2/USB-Audio/Dell/WD15-Dock-HiFi.conf
/usr/share/alsa/ucm2/USB-Audio/Dell/WD15-Dock.conf
/usr/share/alsa/ucm2/USB-Audio/Digidesign/Digidesign-Mbox-3-HiFi.conf
/usr/share/alsa/ucm2/USB-Audio/Digidesign/Digidesign-Mbox-3.conf
/usr/share/alsa/ucm2/USB-Audio/Focusrite/Scarlett-18i20-HiFi.conf
/usr/share/alsa/ucm2/USB-Audio/Focusrite/Scarlett-18i20.conf
/usr/share/alsa/ucm2/USB-Audio/Focusrite/Scarlett-2i-HiFi.conf
/usr/share/alsa/ucm2/USB-Audio/Focusrite/Scarlett-2i-gen4-HiFi.conf
/usr/share/alsa/ucm2/USB-Audio/Focusrite/Scarlett-2i.conf
/usr/share/alsa/ucm2/USB-Audio/Gigabyte/Aorus-Master-Main-Audio-HiFi.conf
/usr/share/alsa/ucm2/USB-Audio/Gigabyte/Aorus-Master-Main-Audio.conf
/usr/share/alsa/ucm2/USB-Audio/GoXLR/GoXLR-HiFi.conf
/usr/share/alsa/ucm2/USB-Audio/GoXLR/GoXLR.conf
/usr/share/alsa/ucm2/USB-Audio/HyperX/SoloCast-HiFi.conf
/usr/share/alsa/ucm2/USB-Audio/HyperX/SoloCast.conf
/usr/share/alsa/ucm2/USB-Audio/Lenovo/ThinkStation-P620-Main-HiFi.conf
/usr/share/alsa/ucm2/USB-Audio/Lenovo/ThinkStation-P620-Main.conf
/usr/share/alsa/ucm2/USB-Audio/Lenovo/ThinkStation-P620-Rear-HiFi.conf
/usr/share/alsa/ucm2/USB-Audio/Lenovo/ThinkStation-P620-Rear.conf
/usr/share/alsa/ucm2/USB-Audio/MOTU/D828-HiFi.conf
/usr/share/alsa/ucm2/USB-Audio/MOTU/D828.conf
/usr/share/alsa/ucm2/USB-Audio/MOTU/M2-HiFi.conf
/usr/share/alsa/ucm2/USB-Audio/MOTU/M2.conf
/usr/share/alsa/ucm2/USB-Audio/MOTU/M4-HiFi.conf
/usr/share/alsa/ucm2/USB-Audio/MOTU/M4.conf
/usr/share/alsa/ucm2/USB-Audio/MOTU/M6-HiFi.conf
/usr/share/alsa/ucm2/USB-Audio/MOTU/M6.conf
/usr/share/alsa/ucm2/USB-Audio/MOTU/UltraLite-mk5-HiFi.conf
/usr/share/alsa/ucm2/USB-Audio/MOTU/UltraLite-mk5.conf
/usr/share/alsa/ucm2/USB-Audio/NativeInstruments/Traktor-Kontrol-Z1-Mixer.conf
/usr/share/alsa/ucm2/USB-Audio/NativeInstruments/Traktor-Kontrol-Z1.conf
/usr/share/alsa/ucm2/USB-Audio/Presonus/Revelator-IO-44-HiFi.conf
/usr/share/alsa/ucm2/USB-Audio/Presonus/Revelator-IO-44.conf
/usr/share/alsa/ucm2/USB-Audio/RME/Fireface-UCX-HiFi.conf
/usr/share/alsa/ucm2/USB-Audio/RME/Fireface-UCX-II-HiFi.conf
/usr/share/alsa/ucm2/USB-Audio/RME/Fireface-UCX-II.conf
/usr/share/alsa/ucm2/USB-Audio/RME/Fireface-UCX.conf
/usr/share/alsa/ucm2/USB-Audio/Rane/SL-1-HiFi.conf
/usr/share/alsa/ucm2/USB-Audio/Rane/SL-1.conf
/usr/share/alsa/ucm2/USB-Audio/Realtek/ALC1220-VB-Desktop-HiFi.conf
/usr/share/alsa/ucm2/USB-Audio/Realtek/ALC1220-VB-Desktop.conf
/usr/share/alsa/ucm2/USB-Audio/Realtek/ALC4080-HiFi.conf
/usr/share/alsa/ucm2/USB-Audio/Realtek/ALC4080.conf
/usr/share/alsa/ucm2/USB-Audio/Roland/BridgeCast-Hifi.conf
/usr/share/alsa/ucm2/USB-Audio/Roland/BridgeCast.conf
/usr/share/alsa/ucm2/USB-Audio/Roland/BridgeCastV2-Hifi.conf
/usr/share/alsa/ucm2/USB-Audio/Roland/BridgeCastV2.conf
/usr/share/alsa/ucm2/USB-Audio/Roland/BridgeCastXV2-Hifi.conf
/usr/share/alsa/ucm2/USB-Audio/Roland/BridgeCastXV2.conf
/usr/share/alsa/ucm2/USB-Audio/Roland/Quad-Capture-HiFi.conf
/usr/share/alsa/ucm2/USB-Audio/Roland/Quad-Capture.conf
/usr/share/alsa/ucm2/USB-Audio/SolidStateLabs/SSL2-HiFi.conf
/usr/share/alsa/ucm2/USB-Audio/SolidStateLabs/SSL2.conf
/usr/share/alsa/ucm2/USB-Audio/SolidStateLabs/SSL2Plus-HiFi.conf
/usr/share/alsa/ucm2/USB-Audio/SolidStateLabs/SSL2Plus.conf
/usr/share/alsa/ucm2/USB-Audio/Sony/DualSense-PS5-HiFi.conf
/usr/share/alsa/ucm2/USB-Audio/Sony/DualSense-PS5.conf
/usr/share/alsa/ucm2/USB-Audio/Sony/Inzone-H9-H7-HiFi.conf
/usr/share/alsa/ucm2/USB-Audio/Sony/Inzone-H9-H7.conf
/usr/share/alsa/ucm2/USB-Audio/Steinberg/UR22C-HiFi.conf
/usr/share/alsa/ucm2/USB-Audio/Steinberg/UR22C.conf
/usr/share/alsa/ucm2/USB-Audio/Steinberg/UR22mkII-HiFi.conf
/usr/share/alsa/ucm2/USB-Audio/Steinberg/UR22mkII.conf
/usr/share/alsa/ucm2/USB-Audio/Steinberg/UR24C-HiFi.conf
/usr/share/alsa/ucm2/USB-Audio/Steinberg/UR24C.conf
/usr/share/alsa/ucm2/USB-Audio/Steinberg/UR44-HiFi.conf
/usr/share/alsa/ucm2/USB-Audio/Steinberg/UR44.conf
/usr/share/alsa/ucm2/USB-Audio/TASCAM/Model12-HiFi.conf
/usr/share/alsa/ucm2/USB-Audio/TASCAM/Model12.conf
/usr/share/alsa/ucm2/USB-Audio/Teufel/CAGE-PRO-HiFi.conf
/usr/share/alsa/ucm2/USB-Audio/Teufel/CAGE-PRO.conf
/usr/share/alsa/ucm2/USB-Audio/UniversalAudio/Volt2-HiFi.conf
/usr/share/alsa/ucm2/USB-Audio/UniversalAudio/Volt2.conf
/usr/share/alsa/ucm2/USB-Audio/HP/Thunderbolt-Dock-Audio-Headset-HiFi.conf
/usr/share/alsa/ucm2/USB-Audio/HP/Thunderbolt-Dock-Audio-Headset.conf
/usr/share/alsa/ucm2/USB-Audio/USB-Audio.conf
/usr/share/alsa/ucm2/blobs/sof/product_configs/AAEON/UPX-TGL01.conf
/usr/share/alsa/ucm2/codecs/cs35l56-bridge/init.conf
/usr/share/alsa/ucm2/codecs/cs35l56/init.conf
/usr/share/alsa/ucm2/codecs/cs42l43-dmic/init.conf
/usr/share/alsa/ucm2/codecs/cs42l43/init.conf
/usr/share/alsa/ucm2/codecs/cx2072x/DisableSeq.conf
/usr/share/alsa/ucm2/codecs/cx2072x/EnableSeq.conf
/usr/share/alsa/ucm2/codecs/cx2072x/HeadPhones.conf
/usr/share/alsa/ucm2/codecs/cx2072x/HeadsetMic.conf
/usr/share/alsa/ucm2/codecs/cx2072x/InternalMic.conf
/usr/share/alsa/ucm2/codecs/cx2072x/Speaker.conf
/usr/share/alsa/ucm2/codecs/da7219/init.conf
/usr/share/alsa/ucm2/codecs/es8316/EnableSeq.conf
/usr/share/alsa/ucm2/codecs/es8316/HeadPhones.conf
/usr/share/alsa/ucm2/codecs/es8316/IN1-HeadsetMic.conf
/usr/share/alsa/ucm2/codecs/es8316/IN1-InternalMic.conf
/usr/share/alsa/ucm2/codecs/es8316/IN2-HeadsetMic.conf
/usr/share/alsa/ucm2/codecs/es8316/IN2-InternalMic.conf
/usr/share/alsa/ucm2/codecs/es8316/MonoSpeaker.conf
/usr/share/alsa/ucm2/codecs/es8316/Speaker.conf
/usr/share/alsa/ucm2/codecs/hda/hdmi.conf
/usr/share/alsa/ucm2/codecs/max98090/EnableSeq.conf
/usr/share/alsa/ucm2/codecs/max98090/Headphones.conf
/usr/share/alsa/ucm2/codecs/max98090/HeadsetMic.conf
/usr/share/alsa/ucm2/codecs/max98090/InternalMic.conf
/usr/share/alsa/ucm2/codecs/max98090/Speaker.conf
/usr/share/alsa/ucm2/codecs/nau8824/DMIC1_2.conf
/usr/share/alsa/ucm2/codecs/nau8824/EnableSeq.conf
/usr/share/alsa/ucm2/codecs/nau8824/HeadPhones.conf
/usr/share/alsa/ucm2/codecs/nau8824/HeadsetMic.conf
/usr/share/alsa/ucm2/codecs/nau8824/InternalMic.conf
/usr/share/alsa/ucm2/codecs/nau8824/MonoSpeaker.conf
/usr/share/alsa/ucm2/codecs/nau8824/Speaker.conf
/usr/share/alsa/ucm2/codecs/qcom-lpass/rx-macro/HeadphoneDisableSeq.conf
/usr/share/alsa/ucm2/codecs/qcom-lpass/rx-macro/HeadphoneEnableSeq.conf
/usr/share/alsa/ucm2/codecs/qcom-lpass/rx-macro/HeadphoneLDisableSeq.conf
/usr/share/alsa/ucm2/codecs/qcom-lpass/rx-macro/HeadphoneLEnableSeq.conf
/usr/share/alsa/ucm2/codecs/qcom-lpass/rx-macro/init.conf
/usr/share/alsa/ucm2/codecs/qcom-lpass/tx-macro/DMIC0DisableSeq.conf
/usr/share/alsa/ucm2/codecs/qcom-lpass/tx-macro/DMIC0EnableSeq.conf
/usr/share/alsa/ucm2/codecs/qcom-lpass/tx-macro/HeadphoneMicDisableSeq.conf
/usr/share/alsa/ucm2/codecs/qcom-lpass/tx-macro/HeadphoneMicEnableSeq.conf
/usr/share/alsa/ucm2/codecs/qcom-lpass/tx-macro/SoundwireMic0EnableSeq.conf
/usr/share/alsa/ucm2/codecs/qcom-lpass/tx-macro/SoundwireMic1EnableSeq.conf
/usr/share/alsa/ucm2/codecs/qcom-lpass/tx-macro/SoundwireMicDisableSeq.conf
/usr/share/alsa/ucm2/codecs/qcom-lpass/va-macro/DMIC0DisableSeq.conf
/usr/share/alsa/ucm2/codecs/qcom-lpass/va-macro/DMIC0EnableSeq.conf
/usr/share/alsa/ucm2/codecs/qcom-lpass/va-macro/DMIC1DisableSeq.conf
/usr/share/alsa/ucm2/codecs/qcom-lpass/va-macro/DMIC1EnableSeq.conf
/usr/share/alsa/ucm2/codecs/qcom-lpass/wsa-macro/four-speakers/init.conf
/usr/share/alsa/ucm2/codecs/qcom-lpass/wsa-macro/SpeakerDisableSeq.conf
/usr/share/alsa/ucm2/codecs/qcom-lpass/wsa-macro/SpeakerEnableSeq.conf
/usr/share/alsa/ucm2/codecs/qcom-lpass/wsa-macro/Wsa1SpeakerDisableSeq.conf
/usr/share/alsa/ucm2/codecs/qcom-lpass/wsa-macro/Wsa1SpeakerEnableSeq.conf
/usr/share/alsa/ucm2/codecs/qcom-lpass/wsa-macro/Wsa2SpeakerDisableSeq.conf
/usr/share/alsa/ucm2/codecs/qcom-lpass/wsa-macro/Wsa2SpeakerEnableSeq.conf
/usr/share/alsa/ucm2/codecs/qcom-lpass/wsa-macro/init.conf
/usr/share/alsa/ucm2/codecs/rt1318/init.conf
/usr/share/alsa/ucm2/codecs/rt5640/DigitalMics.conf
/usr/share/alsa/ucm2/codecs/rt5640/EnableSeq.conf
/usr/share/alsa/ucm2/codecs/rt5640/HeadPhones.conf
/usr/share/alsa/ucm2/codecs/rt5640/HeadPhones2.conf
/usr/share/alsa/ucm2/codecs/rt5640/HeadsetMic.conf
/usr/share/alsa/ucm2/codecs/rt5640/HeadsetMic2-IN1.conf
/usr/share/alsa/ucm2/codecs/rt5640/IN1-InternalMic.conf
/usr/share/alsa/ucm2/codecs/rt5640/IN3-InternalMic.conf
/usr/share/alsa/ucm2/codecs/rt5640/MonoSpeaker.conf
/usr/share/alsa/ucm2/codecs/rt5640/Speaker.conf
/usr/share/alsa/ucm2/codecs/rt5640/init.conf
/usr/share/alsa/ucm2/codecs/rt5645/AnalogMic.conf
/usr/share/alsa/ucm2/codecs/rt5645/DigitalMicDisableSeq.conf
/usr/share/alsa/ucm2/codecs/rt5645/DigitalMicEnableSeq.conf
/usr/share/alsa/ucm2/codecs/rt5645/DisableSeq.conf
/usr/share/alsa/ucm2/codecs/rt5645/EnableSeq.conf
/usr/share/alsa/ucm2/codecs/rt5645/HSMicDisableSeq.conf
/usr/share/alsa/ucm2/codecs/rt5645/HSMicEnableSeq.conf
/usr/share/alsa/ucm2/codecs/rt5645/HeadphonesEnableSeq.conf
/usr/share/alsa/ucm2/codecs/rt5645/SpeakerEnableSeq.conf
/usr/share/alsa/ucm2/codecs/rt5645/init.conf
/usr/share/alsa/ucm2/codecs/rt5651/DigitalMic.conf
/usr/share/alsa/ucm2/codecs/rt5651/EnableSeq.conf
/usr/share/alsa/ucm2/codecs/rt5651/HeadPhones-swapped.conf
/usr/share/alsa/ucm2/codecs/rt5651/HeadPhones.conf
/usr/share/alsa/ucm2/codecs/rt5651/IN1-InternalMic.conf
/usr/share/alsa/ucm2/codecs/rt5651/IN12-InternalMic.conf
/usr/share/alsa/ucm2/codecs/rt5651/IN2-HeadsetMic.conf
/usr/share/alsa/ucm2/codecs/rt5651/IN2-InternalMic.conf
/usr/share/alsa/ucm2/codecs/rt5651/IN3-HeadsetMic.conf
/usr/share/alsa/ucm2/codecs/rt5651/MonoSpeaker.conf
/usr/share/alsa/ucm2/codecs/rt5651/Speaker.conf
/usr/share/alsa/ucm2/codecs/rt5651/init.conf
/usr/share/alsa/ucm2/codecs/rt5672/DMIC1.conf
/usr/share/alsa/ucm2/codecs/rt5672/DMIC2.conf
/usr/share/alsa/ucm2/codecs/rt5672/EnableSeq.conf
/usr/share/alsa/ucm2/codecs/rt5672/HeadPhones.conf
/usr/share/alsa/ucm2/codecs/rt5672/HeadsetMic.conf
/usr/share/alsa/ucm2/codecs/rt5672/MonoSpeaker.conf
/usr/share/alsa/ucm2/codecs/rt5672/Speaker.conf
/usr/share/alsa/ucm2/codecs/rt5682/init.conf
/usr/share/alsa/ucm2/codecs/rt700/init.conf
/usr/share/alsa/ucm2/codecs/rt711-sdca/init.conf
/usr/share/alsa/ucm2/codecs/rt711/init.conf
/usr/share/alsa/ucm2/codecs/rt712-dmic/init.conf
/usr/share/alsa/ucm2/codecs/rt712/init.conf
/usr/share/alsa/ucm2/codecs/rt713-dmic/init.conf
/usr/share/alsa/ucm2/codecs/rt715-sdca/init.conf
/usr/share/alsa/ucm2/codecs/rt715/init.conf
/usr/share/alsa/ucm2/codecs/rt722/init.conf
/usr/share/alsa/ucm2/codecs/wcd934x/DefaultDisableSeq.conf
/usr/share/alsa/ucm2/codecs/wcd934x/DefaultEnableSeq.conf
/usr/share/alsa/ucm2/codecs/wcd934x/HeadphoneDisableSeq.conf
/usr/share/alsa/ucm2/codecs/wcd934x/HeadphoneEnableSeq.conf
/usr/share/alsa/ucm2/codecs/wcd934x/HeadphoneMicDisableSeq.conf
/usr/share/alsa/ucm2/codecs/wcd934x/HeadphoneMicEnableSeq.conf
/usr/share/alsa/ucm2/codecs/wcd934x/SpeakerDisableSeq.conf
/usr/share/alsa/ucm2/codecs/wcd934x/SpeakerEnableSeq.conf
/usr/share/alsa/ucm2/codecs/wcd934x/init.conf
/usr/share/alsa/ucm2/codecs/wcd937x/HeadphoneDisableSeq.conf
/usr/share/alsa/ucm2/codecs/wcd937x/HeadphoneEnableSeq.conf
/usr/share/alsa/ucm2/codecs/wcd937x/HeadphoneMicDisableSeq.conf
/usr/share/alsa/ucm2/codecs/wcd937x/HeadphoneMicEnableSeq.conf
/usr/share/alsa/ucm2/codecs/wcd937x/init.conf
/usr/share/alsa/ucm2/codecs/wcd938x/AnalogMic1DisableSeq.conf
/usr/share/alsa/ucm2/codecs/wcd938x/AnalogMic1EnableSeq.conf
/usr/share/alsa/ucm2/codecs/wcd938x/AnalogMic5DisableSeq.conf
/usr/share/alsa/ucm2/codecs/wcd938x/AnalogMic5EnableSeq.conf
/usr/share/alsa/ucm2/codecs/wcd938x/HeadphoneDisableSeq.conf
/usr/share/alsa/ucm2/codecs/wcd938x/HeadphoneEnableSeq.conf
/usr/share/alsa/ucm2/codecs/wcd938x/HeadphoneMicDisableSeq.conf
/usr/share/alsa/ucm2/codecs/wcd938x/HeadphoneMicEnableSeq.conf
/usr/share/alsa/ucm2/codecs/wcd938x/init.conf
/usr/share/alsa/ucm2/codecs/wcd939x/AnalogMic1EnableSeq.conf
/usr/share/alsa/ucm2/codecs/wcd939x/AnalogMic3EnableSeq.conf
/usr/share/alsa/ucm2/codecs/wcd939x/AnalogMic4EnableSeq.conf
/usr/share/alsa/ucm2/codecs/wcd939x/AnalogMic5EnableSeq.conf
/usr/share/alsa/ucm2/codecs/wcd939x/AnalogMicDisableSeq.conf
/usr/share/alsa/ucm2/codecs/wcd939x/DefaultEnableSeq.conf
/usr/share/alsa/ucm2/codecs/wcd939x/HeadphoneDisableSeq.conf
/usr/share/alsa/ucm2/codecs/wcd939x/HeadphoneEnableSeq.conf
/usr/share/alsa/ucm2/codecs/wcd939x/HeadphoneMicDisableSeq.conf
/usr/share/alsa/ucm2/codecs/wcd939x/HeadphoneMicEnableSeq.conf
/usr/share/alsa/ucm2/codecs/wcd939x/init.conf
/usr/share/alsa/ucm2/codecs/wm5102/EnableSeq.conf
/usr/share/alsa/ucm2/codecs/wm5102/HPOut2-Speaker.conf
/usr/share/alsa/ucm2/codecs/wm5102/HeadPhones.conf
/usr/share/alsa/ucm2/codecs/wm5102/IN1-HeadsetMic.conf
/usr/share/alsa/ucm2/codecs/wm5102/IN1-InternalMic.conf
/usr/share/alsa/ucm2/codecs/wm5102/IN2-HeadsetMic.conf
/usr/share/alsa/ucm2/codecs/wm5102/IN3-InternalMic.conf
/usr/share/alsa/ucm2/codecs/wm5102/Speaker.conf
/usr/share/alsa/ucm2/codecs/wsa881x/DefaultEnableSeq.conf
/usr/share/alsa/ucm2/codecs/wsa881x/SpeakerDisableSeq.conf
/usr/share/alsa/ucm2/codecs/wsa881x/SpeakerEnableSeq.conf
/usr/share/alsa/ucm2/codecs/wsa883x/DefaultEnableSeq.conf
/usr/share/alsa/ucm2/codecs/wsa883x/SpeakerDisableSeq.conf
/usr/share/alsa/ucm2/codecs/wsa883x/SpeakerEnableSeq.conf
/usr/share/alsa/ucm2/codecs/wsa883x/init.conf
/usr/share/alsa/ucm2/codecs/wsa884x/four-speakers/DefaultEnableSeq.conf
/usr/share/alsa/ucm2/codecs/wsa884x/four-speakers/SpeakerSeq.conf
/usr/share/alsa/ucm2/codecs/wsa884x/four-speakers/init.conf
/usr/share/alsa/ucm2/codecs/wsa884x/two-speakers/DefaultEnableSeq.conf
/usr/share/alsa/ucm2/codecs/wsa884x/two-speakers/SpeakerSeq.conf
/usr/share/alsa/ucm2/codecs/wsa884x/two-speakers/init.conf
/usr/share/alsa/ucm2/codecs/cs42l45/init.conf
/usr/share/alsa/ucm2/codecs/cs42l45-dmic/init.conf
/usr/share/alsa/ucm2/codecs/da7213/HeadphoneDisableSeq.conf
/usr/share/alsa/ucm2/codecs/da7213/HeadphoneEnableSeq.conf
/usr/share/alsa/ucm2/codecs/da7213/HeadphoneMic2DisableSeq.conf
/usr/share/alsa/ucm2/codecs/da7213/HeadphoneMic2EnableSeq.conf
/usr/share/alsa/ucm2/codecs/da7213/init.conf
/usr/share/alsa/ucm2/codecs/pm4125/HeadphoneDisableSeq.conf
/usr/share/alsa/ucm2/codecs/pm4125/HeadphoneEnableSeq.conf
/usr/share/alsa/ucm2/codecs/pm4125/HeadphoneMicDisableSeq.conf
/usr/share/alsa/ucm2/codecs/pm4125/HeadphoneMicEnableSeq.conf
/usr/share/alsa/ucm2/codecs/pm4125/LineoutDisableSeq.conf
/usr/share/alsa/ucm2/codecs/pm4125/LineoutEnableSeq.conf
/usr/share/alsa/ucm2/codecs/rt713/init.conf
/usr/share/alsa/ucm2/codecs/rt721/init.conf
/usr/share/alsa/ucm2/common/ctl/led.conf
/usr/share/alsa/ucm2/common/ctl/remap.conf
/usr/share/alsa/ucm2/common/pcm/hdmi.conf
/usr/share/alsa/ucm2/common/pcm/split.conf
/usr/share/alsa/ucm2/common/directm.conf
/usr/share/alsa/ucm2/common/linked-card.conf
/usr/share/alsa/ucm2/common/linked.conf
/usr/share/alsa/ucm2/conf.d/qcm6490/qcm6490-idp-snd-card.conf
/usr/share/alsa/ucm2/conf.d/qcs6490/QCS6490-RB3Gen2.conf
/usr/share/alsa/ucm2/conf.d/sun4i-codec/h616-audio-codec.conf
/usr/share/alsa/ucm2/conf.d/kaanapali/Kaanapali-MTP.conf
/usr/share/alsa/ucm2/lib/card-init.conf
/usr/share/alsa/ucm2/lib/ctl-remap.conf
/usr/share/alsa/ucm2/lib/generic.conf
/usr/share/alsa/ucm2/platforms/bytcr/PlatformDisableSeq.conf
/usr/share/alsa/ucm2/platforms/bytcr/PlatformEnableSeq.conf
/usr/share/alsa/ucm2/sof-soundwire/Hdmi.conf
/usr/share/alsa/ucm2/sof-soundwire/HiFi.conf
/usr/share/alsa/ucm2/sof-soundwire/cs35l56-bridge.conf
/usr/share/alsa/ucm2/sof-soundwire/cs35l56.conf
/usr/share/alsa/ucm2/sof-soundwire/cs42l43-dmic.conf
/usr/share/alsa/ucm2/sof-soundwire/cs42l43-spk.conf
/usr/share/alsa/ucm2/sof-soundwire/cs42l43.conf
/usr/share/alsa/ucm2/sof-soundwire/cs42l45-dmic.conf
/usr/share/alsa/ucm2/sof-soundwire/cs42l45.conf
/usr/share/alsa/ucm2/sof-soundwire/dmic.conf
/usr/share/alsa/ucm2/sof-soundwire/rt1308.conf
/usr/share/alsa/ucm2/sof-soundwire/rt1316.conf
/usr/share/alsa/ucm2/sof-soundwire/rt1318.conf
/usr/share/alsa/ucm2/sof-soundwire/rt1320.conf
/usr/share/alsa/ucm2/sof-soundwire/rt5682.conf
/usr/share/alsa/ucm2/sof-soundwire/rt700.conf
/usr/share/alsa/ucm2/sof-soundwire/rt711-sdca.conf
/usr/share/alsa/ucm2/sof-soundwire/rt711.conf
/usr/share/alsa/ucm2/sof-soundwire/rt712+rt1320.conf
/usr/share/alsa/ucm2/sof-soundwire/rt712-dmic.conf
/usr/share/alsa/ucm2/sof-soundwire/rt712.conf
/usr/share/alsa/ucm2/sof-soundwire/rt713-dmic.conf
/usr/share/alsa/ucm2/sof-soundwire/rt713.conf
/usr/share/alsa/ucm2/sof-soundwire/rt715-sdca.conf
/usr/share/alsa/ucm2/sof-soundwire/rt715.conf
/usr/share/alsa/ucm2/sof-soundwire/rt721.conf
/usr/share/alsa/ucm2/sof-soundwire/rt722.conf
/usr/share/alsa/ucm2/sof-soundwire/sof-soundwire.conf
/usr/share/alsa/ucm2/ucm.conf
/usr/share/alsa/alsa.conf
/usr/share/anaconda/dbus/confs/org.fedoraproject.Anaconda.Boss.conf
/usr/share/anaconda/dbus/confs/org.fedoraproject.Anaconda.Modules.Localization.conf
/usr/share/anaconda/dbus/confs/org.fedoraproject.Anaconda.Modules.Network.conf
/usr/share/anaconda/dbus/confs/org.fedoraproject.Anaconda.Modules.Payloads.conf
/usr/share/anaconda/dbus/confs/org.fedoraproject.Anaconda.Modules.Runtime.conf
/usr/share/anaconda/dbus/confs/org.fedoraproject.Anaconda.Modules.Security.conf
/usr/share/anaconda/dbus/confs/org.fedoraproject.Anaconda.Modules.Services.conf
/usr/share/anaconda/dbus/confs/org.fedoraproject.Anaconda.Modules.Storage.conf
/usr/share/anaconda/dbus/confs/org.fedoraproject.Anaconda.Modules.Subscription.conf
/usr/share/anaconda/dbus/confs/org.fedoraproject.Anaconda.Modules.Timezone.conf
/usr/share/anaconda/dbus/confs/org.fedoraproject.Anaconda.Modules.Users.conf
/usr/share/anaconda/dbus/confs/org.fedoraproject.Anaconda.Addons.Kdump.conf
/usr/share/anaconda/dbus/anaconda-bus.conf
/usr/share/anaconda/tmux.conf
/usr/share/appstream/appstream.conf
/usr/share/authselect/default/local/nsswitch.conf
/usr/share/authselect/default/nis/nsswitch.conf
/usr/share/authselect/default/sssd/nsswitch.conf
/usr/share/authselect/default/winbind/nsswitch.conf
/usr/share/containers/containers.conf
/usr/share/containers/mounts.conf
/usr/share/containers/storage.conf
/usr/share/dbus-1/system.d/FirewallD.conf
/usr/share/dbus-1/system.d/avahi-dbus.conf
/usr/share/dbus-1/system.d/net.hadess.SensorProxy.conf
/usr/share/dbus-1/system.d/net.hadess.SwitcherooControl.conf
/usr/share/dbus-1/system.d/net.reactivated.Fprint.conf
/usr/share/dbus-1/system.d/nm-openconnect-service.conf
/usr/share/dbus-1/system.d/nm-vpnc-service.conf
/usr/share/dbus-1/system.d/org.freedesktop.Accounts.conf
/usr/share/dbus-1/system.d/org.freedesktop.ColorManager.conf
/usr/share/dbus-1/system.d/org.freedesktop.LowMemoryMonitor.conf
/usr/share/dbus-1/system.d/org.freedesktop.ModemManager1.conf
/usr/share/dbus-1/system.d/org.freedesktop.Passim.conf
/usr/share/dbus-1/system.d/org.freedesktop.PolicyKit1.conf
/usr/share/dbus-1/system.d/org.freedesktop.RealtimeKit1.conf
/usr/share/dbus-1/system.d/org.freedesktop.UResourced.conf
/usr/share/dbus-1/system.d/org.freedesktop.bolt.conf
/usr/share/dbus-1/system.d/org.freedesktop.realmd.conf
/usr/share/dbus-1/system.d/org.freedesktop.thermald.conf
/usr/share/dbus-1/system.d/org.opensuse.CupsPkHelper.Mechanism.conf
/usr/share/dbus-1/system.d/org.freedesktop.GeoClue2.Agent.conf
/usr/share/dbus-1/system.d/org.freedesktop.GeoClue2.conf
/usr/share/dbus-1/system.d/org.freedesktop.hostname1.conf
/usr/share/dbus-1/system.d/org.freedesktop.locale1.conf
/usr/share/dbus-1/system.d/org.freedesktop.login1.conf
/usr/share/dbus-1/system.d/org.freedesktop.oom1.conf
/usr/share/dbus-1/system.d/org.freedesktop.systemd1.conf
/usr/share/dbus-1/system.d/org.freedesktop.timedate1.conf
/usr/share/dbus-1/system.d/org.freedesktop.home1.conf
/usr/share/dbus-1/system.d/org.freedesktop.portable1.conf
/usr/share/dbus-1/system.d/org.freedesktop.sysupdate1.conf
/usr/share/dbus-1/system.d/org.freedesktop.timesync1.conf
/usr/share/dbus-1/system.d/nm-dispatcher.conf
/usr/share/dbus-1/system.d/nm-priv-helper.conf
/usr/share/dbus-1/system.d/org.freedesktop.NetworkManager.conf
/usr/share/dbus-1/system.d/org.freedesktop.fwupd.conf
/usr/share/dbus-1/system.d/dnsmasq.conf
/usr/share/dbus-1/system.d/nm-openvpn-service.conf
/usr/share/dbus-1/system.d/org.freedesktop.import1.conf
/usr/share/dbus-1/system.d/org.freedesktop.machine1.conf
/usr/share/dbus-1/system.d/gdm.conf
/usr/share/dbus-1/system.d/org.gnome.RemoteDesktop.conf
/usr/share/dbus-1/system.d/org.freedesktop.network1.conf
/usr/share/dbus-1/system.d/org.freedesktop.resolve1.conf
/usr/share/dbus-1/system.d/org.freedesktop.UDisks2.conf
/usr/share/dbus-1/system.d/bluetooth.conf
/usr/share/dbus-1/system.d/com.redhat.tuned.conf
/usr/share/dbus-1/system.d/org.freedesktop.PackageKit.conf
/usr/share/dbus-1/system.d/org.freedesktop.UPower.conf
/usr/share/dbus-1/system.d/obex.conf
/usr/share/dbus-1/system.d/net.hadess.PowerProfiles.conf
/usr/share/dbus-1/system.d/org.freedesktop.UPower.PowerProfiles.conf
/usr/share/dbus-1/session.conf
/usr/share/dbus-1/system.conf
/usr/share/defaults/at-spi2/accessibility.conf
/usr/share/dnf5/aliases.d/compatibility.conf
/usr/share/dnf5/aliases.d/compatibility-plugins.conf
/usr/share/dnf5/aliases.d/compatibility-reposync.conf
/usr/share/dnf5/libdnf.conf.d/protect-setup.conf
/usr/share/dnf5/libdnf.conf.d/protect-sudo.conf
/usr/share/dnf5/libdnf.conf.d/20-fedora-defaults.conf
/usr/share/dnf5/libdnf.conf.d/protect-systemd.conf
/usr/share/dnsmasq/trust-anchors.conf
/usr/share/doc/NetworkManager/examples/server.conf
/usr/share/doc/alsa-lib/modprobe-dist-oss.conf
/usr/share/doc/gnupg2/examples/common.conf
/usr/share/doc/gnupg2/examples/gpgconf.conf
/usr/share/doc/httpd-core/httpd-autoindex.conf
/usr/share/doc/httpd-core/httpd-dav.conf
/usr/share/doc/httpd-core/httpd-default.conf
/usr/share/doc/httpd-core/httpd-info.conf
/usr/share/doc/httpd-core/httpd-languages.conf
/usr/share/doc/httpd-core/httpd-manual.conf
/usr/share/doc/httpd-core/httpd-mpm.conf
/usr/share/doc/httpd-core/httpd-multilang-errordoc.conf
/usr/share/doc/httpd-core/httpd-vhosts.conf
/usr/share/doc/httpd-core/instance.conf
/usr/share/doc/httpd-core/proxy-html.conf
/usr/share/doc/httpd-core/server-status.conf
/usr/share/doc/openvpn/sample/sample-config-files/client.conf
/usr/share/doc/openvpn/sample/sample-config-files/roadwarrior-client.conf
/usr/share/doc/openvpn/sample/sample-config-files/roadwarrior-server.conf
/usr/share/doc/openvpn/sample/sample-config-files/server.conf
/usr/share/doc/perl-Net-SSLeay/examples/req.conf
/usr/share/doc/smartmontools/smartd.conf
/usr/share/doc/sssd-common/sssd-example.conf
/usr/share/doc/sudo/examples/cvtsudoers.conf
/usr/share/doc/sudo/examples/pam.conf
/usr/share/doc/sudo/examples/sudo.conf
/usr/share/doc/sudo/examples/sudo_logsrvd.conf
/usr/share/doc/sudo/examples/syslog.conf
/usr/share/doc/systemd/20-yama-ptrace.conf
/usr/share/doc/teamd/example_configs/activebackup_arp_ping_1.conf
/usr/share/doc/teamd/example_configs/activebackup_arp_ping_2.conf
/usr/share/doc/teamd/example_configs/activebackup_ethtool_1.conf
/usr/share/doc/teamd/example_configs/activebackup_ethtool_2.conf
/usr/share/doc/teamd/example_configs/activebackup_ethtool_3.conf
/usr/share/doc/teamd/example_configs/activebackup_multi_lw_1.conf
/usr/share/doc/teamd/example_configs/activebackup_multi_lw_2.conf
/usr/share/doc/teamd/example_configs/activebackup_nsna_ping_1.conf
/usr/share/doc/teamd/example_configs/activebackup_tipc.conf
/usr/share/doc/teamd/example_configs/broadcast.conf
/usr/share/doc/teamd/example_configs/lacp_1.conf
/usr/share/doc/teamd/example_configs/loadbalance_1.conf
/usr/share/doc/teamd/example_configs/loadbalance_2.conf
/usr/share/doc/teamd/example_configs/loadbalance_3.conf
/usr/share/doc/teamd/example_configs/random.conf
/usr/share/doc/teamd/example_configs/roundrobin.conf
/usr/share/doc/teamd/example_configs/roundrobin_2.conf
/usr/share/doc/tmux/example_tmux.conf
/usr/share/doc/wpa_supplicant/examples/ieee8021x.conf
/usr/share/doc/wpa_supplicant/examples/openCryptoki.conf
/usr/share/doc/wpa_supplicant/examples/plaintext.conf
/usr/share/doc/wpa_supplicant/examples/udhcpd-p2p.conf
/usr/share/doc/wpa_supplicant/examples/wep.conf
/usr/share/doc/wpa_supplicant/examples/wpa-psk-tkip.conf
/usr/share/doc/wpa_supplicant/examples/wpa2-eap-ccmp.conf
/usr/share/doc/wpa_supplicant/wpa_supplicant.conf
/usr/share/drirc.d/00-mesa-defaults.conf
/usr/share/drirc.d/00-radv-defaults.conf
/usr/share/factory/etc/locale.conf
/usr/share/factory/etc/nsswitch.conf
/usr/share/factory/etc/vconsole.conf
/usr/share/fontconfig/conf.avail/05-reset-dirs-sample.conf
/usr/share/fontconfig/conf.avail/09-autohint-if-no-hinting.conf
/usr/share/fontconfig/conf.avail/10-autohint.conf
/usr/share/fontconfig/conf.avail/10-hinting-full.conf
/usr/share/fontconfig/conf.avail/10-hinting-medium.conf
/usr/share/fontconfig/conf.avail/10-hinting-none.conf
/usr/share/fontconfig/conf.avail/10-hinting-slight.conf
/usr/share/fontconfig/conf.avail/10-no-antialias.conf
/usr/share/fontconfig/conf.avail/10-scale-bitmap-fonts.conf
/usr/share/fontconfig/conf.avail/10-sub-pixel-bgr.conf
/usr/share/fontconfig/conf.avail/10-sub-pixel-none.conf
/usr/share/fontconfig/conf.avail/10-sub-pixel-rgb.conf
/usr/share/fontconfig/conf.avail/10-sub-pixel-vbgr.conf
/usr/share/fontconfig/conf.avail/10-sub-pixel-vrgb.conf
/usr/share/fontconfig/conf.avail/10-unhinted.conf
/usr/share/fontconfig/conf.avail/10-yes-antialias.conf
/usr/share/fontconfig/conf.avail/11-lcdfilter-default.conf
/usr/share/fontconfig/conf.avail/11-lcdfilter-legacy.conf
/usr/share/fontconfig/conf.avail/11-lcdfilter-light.conf
/usr/share/fontconfig/conf.avail/11-lcdfilter-none.conf
/usr/share/fontconfig/conf.avail/20-unhint-small-vera.conf
/usr/share/fontconfig/conf.avail/25-unhint-nonlatin.conf
/usr/share/fontconfig/conf.avail/30-0-google-carlito-fonts.conf
/usr/share/fontconfig/conf.avail/30-0-google-crosextra-caladea-fonts.conf
/usr/share/fontconfig/conf.avail/30-metric-aliases.conf
/usr/share/fontconfig/conf.avail/31-cantarell-vf.conf
/usr/share/fontconfig/conf.avail/31-cantarell.conf
/usr/share/fontconfig/conf.avail/35-lang-normalize.conf
/usr/share/fontconfig/conf.avail/40-nonlatin.conf
/usr/share/fontconfig/conf.avail/45-generic.conf
/usr/share/fontconfig/conf.avail/45-latin.conf
/usr/share/fontconfig/conf.avail/48-guessfamily.conf
/usr/share/fontconfig/conf.avail/48-spacing.conf
/usr/share/fontconfig/conf.avail/49-sansserif.conf
/usr/share/fontconfig/conf.avail/50-user.conf
/usr/share/fontconfig/conf.avail/51-local.conf
/usr/share/fontconfig/conf.avail/55-0-paktype-naskh-basic-fonts.conf
/usr/share/fontconfig/conf.avail/55-vazirmatn-vf-fonts.conf
/usr/share/fontconfig/conf.avail/59-adwaita-mono-fonts.conf
/usr/share/fontconfig/conf.avail/59-adwaita-sans-fonts.conf
/usr/share/fontconfig/conf.avail/59-liberation-mono-fonts.conf
/usr/share/fontconfig/conf.avail/59-liberation-sans-fonts.conf
/usr/share/fontconfig/conf.avail/59-liberation-serif-fonts.conf
/usr/share/fontconfig/conf.avail/60-generic.conf
/usr/share/fontconfig/conf.avail/60-latin.conf
/usr/share/fontconfig/conf.avail/60-open-sans.conf
/usr/share/fontconfig/conf.avail/61-aajohan-comfortaa-fonts.conf
/usr/share/fontconfig/conf.avail/61-adobe-source-code-pro-fonts.conf
/usr/share/fontconfig/conf.avail/61-julietaula-montserrat-fonts.conf
/usr/share/fontconfig/conf.avail/61-urw-bookman.conf
/usr/share/fontconfig/conf.avail/61-urw-c059.conf
/usr/share/fontconfig/conf.avail/61-urw-d050000l.conf
/usr/share/fontconfig/conf.avail/61-urw-fallback-backwards.conf
/usr/share/fontconfig/conf.avail/61-urw-gothic.conf
/usr/share/fontconfig/conf.avail/61-urw-nimbus-mono-ps.conf
/usr/share/fontconfig/conf.avail/61-urw-nimbus-roman.conf
/usr/share/fontconfig/conf.avail/61-urw-nimbus-sans.conf
/usr/share/fontconfig/conf.avail/61-urw-p052.conf
/usr/share/fontconfig/conf.avail/61-urw-standard-symbols-ps.conf
/usr/share/fontconfig/conf.avail/61-urw-z003.conf
/usr/share/fontconfig/conf.avail/62-google-carlito-fonts.conf
/usr/share/fontconfig/conf.avail/62-google-crosextra-caladea-fonts.conf
/usr/share/fontconfig/conf.avail/65-0-google-noto-sans-cjk-vf-fonts.conf
/usr/share/fontconfig/conf.avail/65-0-google-noto-sans-mono-cjk-vf-fonts.conf
/usr/share/fontconfig/conf.avail/65-0-google-noto-serif-cjk-vf-fonts.conf
/usr/share/fontconfig/conf.avail/65-0-jomolhari-fonts.conf
/usr/share/fontconfig/conf.avail/65-0-madan-fonts.conf
/usr/share/fontconfig/conf.avail/65-0-rit-rachana-fonts.conf
/usr/share/fontconfig/conf.avail/65-fonts-persian.conf
/usr/share/fontconfig/conf.avail/65-gdouros-symbola.conf
/usr/share/fontconfig/conf.avail/65-google-noto-sans-cjk-vf-fonts.conf
/usr/share/fontconfig/conf.avail/65-google-noto-sans-mono-cjk-vf-fonts.conf
/usr/share/fontconfig/conf.avail/65-google-noto-serif-cjk-vf-fonts.conf
/usr/share/fontconfig/conf.avail/65-khmer.conf
/usr/share/fontconfig/conf.avail/65-meera-new-fonts.conf
/usr/share/fontconfig/conf.avail/65-sil-padauk-fonts.conf
/usr/share/fontconfig/conf.avail/65-stix-fonts.conf
/usr/share/fontconfig/conf.avail/66-google-droid-sans-fonts.conf
/usr/share/fontconfig/conf.avail/69-google-droid-arabic-kufi-fonts.conf
/usr/share/fontconfig/conf.avail/69-google-droid-sans-armenian-fonts.conf
/usr/share/fontconfig/conf.avail/69-google-droid-sans-devanagari-fonts.conf
/usr/share/fontconfig/conf.avail/69-google-droid-sans-ethiopic-fonts.conf
/usr/share/fontconfig/conf.avail/69-google-droid-sans-fallback-fonts.conf
/usr/share/fontconfig/conf.avail/69-google-droid-sans-georgian-fonts.conf
/usr/share/fontconfig/conf.avail/69-google-droid-sans-hebrew-fonts.conf
/usr/share/fontconfig/conf.avail/69-google-droid-sans-japanese-fonts.conf
/usr/share/fontconfig/conf.avail/69-google-droid-sans-tamil-fonts.conf
/usr/share/fontconfig/conf.avail/69-google-droid-sans-thai-fonts.conf
/usr/share/fontconfig/conf.avail/69-nonlatin.conf
/usr/share/fontconfig/conf.avail/69-unifont.conf
/usr/share/fontconfig/conf.avail/70-no-bitmaps-and-emoji.conf
/usr/share/fontconfig/conf.avail/70-no-bitmaps-except-emoji.conf
/usr/share/fontconfig/conf.avail/70-no-bitmaps.conf
/usr/share/fontconfig/conf.avail/70-yes-bitmaps.conf
/usr/share/fontconfig/conf.avail/80-delicious.conf
/usr/share/fontconfig/conf.avail/90-synthetic.conf
/usr/share/fontconfig/conf.avail/56-google-noto-naskh-arabic-vf.conf
/usr/share/fontconfig/conf.avail/56-google-noto-sans-arabic-vf.conf
/usr/share/fontconfig/conf.avail/65-0-google-noto-sans-armenian-vf.conf
/usr/share/fontconfig/conf.avail/65-0-google-noto-sans-bengali-vf.conf
/usr/share/fontconfig/conf.avail/65-0-google-noto-sans-canadian-aboriginal-vf.conf
/usr/share/fontconfig/conf.avail/65-0-google-noto-sans-cherokee-vf.conf
/usr/share/fontconfig/conf.avail/65-0-google-noto-sans-devanagari-vf.conf
/usr/share/fontconfig/conf.avail/65-0-google-noto-sans-ethiopic-vf.conf
/usr/share/fontconfig/conf.avail/56-google-noto-sans-georgian-vf.conf
/usr/share/fontconfig/conf.avail/66-google-noto-sans-gothic.conf
/usr/share/fontconfig/conf.avail/65-0-google-noto-sans-gujarati-vf.conf
/usr/share/fontconfig/conf.avail/65-0-google-noto-sans-gurmukhi-vf.conf
/usr/share/fontconfig/conf.avail/65-0-google-noto-sans-hebrew-vf.conf
/usr/share/fontconfig/conf.avail/65-0-google-noto-sans-kannada-vf.conf
/usr/share/fontconfig/conf.avail/65-0-google-noto-sans-khmer-vf.conf
/usr/share/fontconfig/conf.avail/65-0-google-noto-sans-lao-vf.conf
/usr/share/fontconfig/conf.avail/62-google-noto-sans-math.conf
/usr/share/fontconfig/conf.avail/58-google-noto-sans-meetei-mayek-vf.conf
/usr/share/fontconfig/conf.avail/56-google-noto-sans-mono-vf.conf
/usr/share/fontconfig/conf.avail/66-google-noto-sans-nko.conf
/usr/share/fontconfig/conf.avail/58-google-noto-sans-ol-chiki-vf.conf
/usr/share/fontconfig/conf.avail/65-0-google-noto-sans-oriya-vf.conf
/usr/share/fontconfig/conf.avail/65-0-google-noto-sans-sinhala-vf.conf
/usr/share/fontconfig/conf.avail/58-google-noto-sans-symbols-2.conf
/usr/share/fontconfig/conf.avail/58-google-noto-sans-symbols-vf.conf
/usr/share/fontconfig/conf.avail/66-google-noto-sans-syriac-vf.conf
/usr/share/fontconfig/conf.avail/65-0-google-noto-sans-tamil-vf.conf
/usr/share/fontconfig/conf.avail/65-0-google-noto-sans-telugu-vf.conf
/usr/share/fontconfig/conf.avail/65-0-google-noto-sans-thaana-vf.conf
/usr/share/fontconfig/conf.avail/65-0-google-noto-sans-thai-vf.conf
/usr/share/fontconfig/conf.avail/56-google-noto-sans-vf.conf
/usr/share/fontconfig/conf.avail/65-0-google-noto-serif-armenian-vf.conf
/usr/share/fontconfig/conf.avail/65-0-google-noto-serif-bengali-vf.conf
/usr/share/fontconfig/conf.avail/65-0-google-noto-serif-devanagari-vf.conf
/usr/share/fontconfig/conf.avail/65-0-google-noto-serif-ethiopic-vf.conf
/usr/share/fontconfig/conf.avail/56-google-noto-serif-georgian-vf.conf
/usr/share/fontconfig/conf.avail/65-0-google-noto-serif-gujarati-vf.conf
/usr/share/fontconfig/conf.avail/65-0-google-noto-serif-gurmukhi-vf.conf
/usr/share/fontconfig/conf.avail/66-google-noto-serif-hebrew-vf.conf
/usr/share/fontconfig/conf.avail/65-0-google-noto-serif-kannada-vf.conf
/usr/share/fontconfig/conf.avail/65-0-google-noto-serif-khmer-vf.conf
/usr/share/fontconfig/conf.avail/65-0-google-noto-serif-lao-vf.conf
/usr/share/fontconfig/conf.avail/65-0-google-noto-serif-oriya-vf.conf
/usr/share/fontconfig/conf.avail/65-0-google-noto-serif-sinhala-vf.conf
/usr/share/fontconfig/conf.avail/65-0-google-noto-serif-tamil-vf.conf
/usr/share/fontconfig/conf.avail/65-0-google-noto-serif-telugu-vf.conf
/usr/share/fontconfig/conf.avail/65-0-google-noto-serif-thai-vf.conf
/usr/share/fontconfig/conf.avail/56-google-noto-serif-vf.conf
/usr/share/glycin-loaders/2+/conf.d/glycin-heif.conf
/usr/share/glycin-loaders/2+/conf.d/glycin-image-rs.conf
/usr/share/glycin-loaders/2+/conf.d/glycin-jxl.conf
/usr/share/glycin-loaders/2+/conf.d/glycin-svg.conf
/usr/share/gnome-remote-desktop/grd.conf
/usr/share/gnome-user-share/dav_user_2.4.conf
/usr/share/ipp-usb/quirks/Brother.conf
/usr/share/ipp-usb/quirks/Canon.conf
/usr/share/ipp-usb/quirks/HP.conf
/usr/share/ipp-usb/quirks/Pantum.conf
/usr/share/ipp-usb/quirks/blacklist.conf
/usr/share/ipp-usb/quirks/default.conf
/usr/share/libcamera/ipa/vimc/vimc.conf
/usr/share/libexttextcat/fpdb.conf
/usr/share/libreport/conf.d/plugins/bugzilla.conf
/usr/share/libreport/conf.d/plugins/upload.conf
/usr/share/libreport/conf.d/plugins/ureport.conf
/usr/share/libreport/conf.d/libreport.conf
/usr/share/perl5/vendor_perl/Biber/biber-tool.conf
/usr/share/pipewire/client.conf.avail/20-upmix.conf
/usr/share/pipewire/filter-chain/demonic.conf
/usr/share/pipewire/filter-chain/sink-dolby-surround.conf
/usr/share/pipewire/filter-chain/sink-eq6.conf
/usr/share/pipewire/filter-chain/sink-make-LFE.conf
/usr/share/pipewire/filter-chain/sink-matrix-spatialiser.conf
/usr/share/pipewire/filter-chain/sink-mix-FL-FR.conf
/usr/share/pipewire/filter-chain/sink-upmix-5.1-filter.conf
/usr/share/pipewire/filter-chain/sink-virtual-surround-5.1-kemar.conf
/usr/share/pipewire/filter-chain/sink-virtual-surround-7.1-hesuvi.conf
/usr/share/pipewire/filter-chain/source-duplicate-FL.conf
/usr/share/pipewire/filter-chain/source-rnnoise.conf
/usr/share/pipewire/pipewire-pulse.conf.avail/20-upmix.conf
/usr/share/pipewire/pipewire.conf.avail/10-rates.conf
/usr/share/pipewire/pipewire.conf.avail/20-upmix.conf
/usr/share/pipewire/pipewire.conf.avail/50-raop.conf
/usr/share/pipewire/client.conf
/usr/share/pipewire/jack.conf
/usr/share/pipewire/filter-chain.conf
/usr/share/pipewire/minimal.conf
/usr/share/pipewire/pipewire-aes67.conf
/usr/share/pipewire/pipewire-avb.conf
/usr/share/pipewire/pipewire-vulkan.conf
/usr/share/pipewire/pipewire.conf
/usr/share/pipewire/pipewire-pulse.conf
/usr/share/spa-0.2/bluez5/bluez-hardware.conf
/usr/share/wireplumber/wireplumber.conf.d/alsa-vm.conf
/usr/share/wireplumber/wireplumber.conf
/usr/share/xdg-desktop-portal/gnome-portals.conf
/usr/share/xfsprogs/mkfs/dax_x86_64.conf
/usr/share/xfsprogs/mkfs/lts_4.19.conf
/usr/share/xfsprogs/mkfs/lts_5.10.conf
/usr/share/xfsprogs/mkfs/lts_5.15.conf
/usr/share/xfsprogs/mkfs/lts_5.4.conf
/usr/share/xfsprogs/mkfs/lts_6.1.conf
/usr/share/xfsprogs/mkfs/lts_6.12.conf
/usr/share/xfsprogs/mkfs/lts_6.6.conf
/var/lib/NetworkManager/NetworkManager-intern.conf
/var/lib/flatpak/runtime/org.freedesktop.Platform.GL.default/x86_64/25.08/00248c58a6cd075cdd2de755d4aeac116eef7c008e7c06ca7a70196bec5a85c4/files/share/drirc.d/00-mesa-defaults.conf
/var/lib/flatpak/runtime/org.freedesktop.Platform.GL.default/x86_64/25.08/00248c58a6cd075cdd2de755d4aeac116eef7c008e7c06ca7a70196bec5a85c4/files/share/drirc.d/00-radv-defaults.conf
/var/lib/flatpak/runtime/org.freedesktop.Platform.GL.default/x86_64/25.08-extra/d6c03d2ba3e694639789f5eed1c66d2f7a1d782b268231e64eb0bb52b40b903d/files/share/drirc.d/00-mesa-defaults.conf
/var/lib/flatpak/runtime/org.freedesktop.Platform.GL.default/x86_64/25.08-extra/d6c03d2ba3e694639789f5eed1c66d2f7a1d782b268231e64eb0bb52b40b903d/files/share/drirc.d/00-radv-defaults.conf
/var/lib/flatpak/runtime/org.gnome.Platform/x86_64/49/c97a19249ae151244a123538628d10aa41ddce6f2af64d8b3c010838a3e9ccaf/files/etc/e2scrub.conf
/var/lib/flatpak/runtime/org.gnome.Platform/x86_64/49/c97a19249ae151244a123538628d10aa41ddce6f2af64d8b3c010838a3e9ccaf/files/etc/ld.so.conf
/var/lib/flatpak/runtime/org.gnome.Platform/x86_64/49/c97a19249ae151244a123538628d10aa41ddce6f2af64d8b3c010838a3e9ccaf/files/etc/mke2fs.conf
/var/lib/flatpak/runtime/org.gnome.Platform/x86_64/49/c97a19249ae151244a123538628d10aa41ddce6f2af64d8b3c010838a3e9ccaf/files/etc/nsswitch.conf
/var/lib/flatpak/runtime/org.gnome.Platform/x86_64/49/c97a19249ae151244a123538628d10aa41ddce6f2af64d8b3c010838a3e9ccaf/files/etc/xattr.conf
/var/lib/flatpak/runtime/org.gnome.Platform/x86_64/49/c97a19249ae151244a123538628d10aa41ddce6f2af64d8b3c010838a3e9ccaf/files/etc/alsa/conf.d/99-pulseaudio-default.conf
/var/lib/flatpak/runtime/org.gnome.Platform/x86_64/49/c97a19249ae151244a123538628d10aa41ddce6f2af64d8b3c010838a3e9ccaf/files/etc/dbus-1/session.conf
/var/lib/flatpak/runtime/org.gnome.Platform/x86_64/49/c97a19249ae151244a123538628d10aa41ddce6f2af64d8b3c010838a3e9ccaf/files/etc/dbus-1/system.conf
/var/lib/flatpak/runtime/org.gnome.Platform/x86_64/49/c97a19249ae151244a123538628d10aa41ddce6f2af64d8b3c010838a3e9ccaf/files/etc/fonts/fonts.conf
/var/lib/flatpak/runtime/org.gnome.Platform/x86_64/49/c97a19249ae151244a123538628d10aa41ddce6f2af64d8b3c010838a3e9ccaf/files/etc/fonts/conf.avail/05-reset-dirs-sample.conf
/var/lib/flatpak/runtime/org.gnome.Platform/x86_64/49/c97a19249ae151244a123538628d10aa41ddce6f2af64d8b3c010838a3e9ccaf/files/etc/fonts/conf.avail/09-autohint-if-no-hinting.conf
/var/lib/flatpak/runtime/org.gnome.Platform/x86_64/49/c97a19249ae151244a123538628d10aa41ddce6f2af64d8b3c010838a3e9ccaf/files/etc/fonts/conf.avail/10-autohint.conf
/var/lib/flatpak/runtime/org.gnome.Platform/x86_64/49/c97a19249ae151244a123538628d10aa41ddce6f2af64d8b3c010838a3e9ccaf/files/etc/fonts/conf.avail/10-hinting-full.conf
/var/lib/flatpak/runtime/org.gnome.Platform/x86_64/49/c97a19249ae151244a123538628d10aa41ddce6f2af64d8b3c010838a3e9ccaf/files/etc/fonts/conf.avail/10-hinting-medium.conf
/var/lib/flatpak/runtime/org.gnome.Platform/x86_64/49/c97a19249ae151244a123538628d10aa41ddce6f2af64d8b3c010838a3e9ccaf/files/etc/fonts/conf.avail/10-hinting-none.conf
/var/lib/flatpak/runtime/org.gnome.Platform/x86_64/49/c97a19249ae151244a123538628d10aa41ddce6f2af64d8b3c010838a3e9ccaf/files/etc/fonts/conf.avail/10-hinting-slight.conf
/var/lib/flatpak/runtime/org.gnome.Platform/x86_64/49/c97a19249ae151244a123538628d10aa41ddce6f2af64d8b3c010838a3e9ccaf/files/etc/fonts/conf.avail/10-no-antialias.conf
/var/lib/flatpak/runtime/org.gnome.Platform/x86_64/49/c97a19249ae151244a123538628d10aa41ddce6f2af64d8b3c010838a3e9ccaf/files/etc/fonts/conf.avail/10-scale-bitmap-fonts.conf
/var/lib/flatpak/runtime/org.gnome.Platform/x86_64/49/c97a19249ae151244a123538628d10aa41ddce6f2af64d8b3c010838a3e9ccaf/files/etc/fonts/conf.avail/10-sub-pixel-bgr.conf
/var/lib/flatpak/runtime/org.gnome.Platform/x86_64/49/c97a19249ae151244a123538628d10aa41ddce6f2af64d8b3c010838a3e9ccaf/files/etc/fonts/conf.avail/10-sub-pixel-none.conf
/var/lib/flatpak/runtime/org.gnome.Platform/x86_64/49/c97a19249ae151244a123538628d10aa41ddce6f2af64d8b3c010838a3e9ccaf/files/etc/fonts/conf.avail/10-sub-pixel-rgb.conf
/var/lib/flatpak/runtime/org.gnome.Platform/x86_64/49/c97a19249ae151244a123538628d10aa41ddce6f2af64d8b3c010838a3e9ccaf/files/etc/fonts/conf.avail/10-sub-pixel-vbgr.conf
/var/lib/flatpak/runtime/org.gnome.Platform/x86_64/49/c97a19249ae151244a123538628d10aa41ddce6f2af64d8b3c010838a3e9ccaf/files/etc/fonts/conf.avail/10-sub-pixel-vrgb.conf
/var/lib/flatpak/runtime/org.gnome.Platform/x86_64/49/c97a19249ae151244a123538628d10aa41ddce6f2af64d8b3c010838a3e9ccaf/files/etc/fonts/conf.avail/10-unhinted.conf
/var/lib/flatpak/runtime/org.gnome.Platform/x86_64/49/c97a19249ae151244a123538628d10aa41ddce6f2af64d8b3c010838a3e9ccaf/files/etc/fonts/conf.avail/10-yes-antialias.conf
/var/lib/flatpak/runtime/org.gnome.Platform/x86_64/49/c97a19249ae151244a123538628d10aa41ddce6f2af64d8b3c010838a3e9ccaf/files/etc/fonts/conf.avail/11-lcdfilter-default.conf
/var/lib/flatpak/runtime/org.gnome.Platform/x86_64/49/c97a19249ae151244a123538628d10aa41ddce6f2af64d8b3c010838a3e9ccaf/files/etc/fonts/conf.avail/11-lcdfilter-legacy.conf
/var/lib/flatpak/runtime/org.gnome.Platform/x86_64/49/c97a19249ae151244a123538628d10aa41ddce6f2af64d8b3c010838a3e9ccaf/files/etc/fonts/conf.avail/11-lcdfilter-light.conf
/var/lib/flatpak/runtime/org.gnome.Platform/x86_64/49/c97a19249ae151244a123538628d10aa41ddce6f2af64d8b3c010838a3e9ccaf/files/etc/fonts/conf.avail/11-lcdfilter-none.conf
/var/lib/flatpak/runtime/org.gnome.Platform/x86_64/49/c97a19249ae151244a123538628d10aa41ddce6f2af64d8b3c010838a3e9ccaf/files/etc/fonts/conf.avail/20-unhint-small-dejavu-sans-mono.conf
/var/lib/flatpak/runtime/org.gnome.Platform/x86_64/49/c97a19249ae151244a123538628d10aa41ddce6f2af64d8b3c010838a3e9ccaf/files/etc/fonts/conf.avail/20-unhint-small-dejavu-sans.conf
/var/lib/flatpak/runtime/org.gnome.Platform/x86_64/49/c97a19249ae151244a123538628d10aa41ddce6f2af64d8b3c010838a3e9ccaf/files/etc/fonts/conf.avail/20-unhint-small-dejavu-serif.conf
/var/lib/flatpak/runtime/org.gnome.Platform/x86_64/49/c97a19249ae151244a123538628d10aa41ddce6f2af64d8b3c010838a3e9ccaf/files/etc/fonts/conf.avail/20-unhint-small-vera.conf
/var/lib/flatpak/runtime/org.gnome.Platform/x86_64/49/c97a19249ae151244a123538628d10aa41ddce6f2af64d8b3c010838a3e9ccaf/files/etc/fonts/conf.avail/25-unhint-nonlatin.conf
/var/lib/flatpak/runtime/org.gnome.Platform/x86_64/49/c97a19249ae151244a123538628d10aa41ddce6f2af64d8b3c010838a3e9ccaf/files/etc/fonts/conf.avail/30-0-google-crosextra-caladea.conf
/var/lib/flatpak/runtime/org.gnome.Platform/x86_64/49/c97a19249ae151244a123538628d10aa41ddce6f2af64d8b3c010838a3e9ccaf/files/etc/fonts/conf.avail/30-0-google-crosextra-carlito.conf
/var/lib/flatpak/runtime/org.gnome.Platform/x86_64/49/c97a19249ae151244a123538628d10aa41ddce6f2af64d8b3c010838a3e9ccaf/files/etc/fonts/conf.avail/30-metric-aliases.conf
/var/lib/flatpak/runtime/org.gnome.Platform/x86_64/49/c97a19249ae151244a123538628d10aa41ddce6f2af64d8b3c010838a3e9ccaf/files/etc/fonts/conf.avail/30-tex-gyre.conf
/var/lib/flatpak/runtime/org.gnome.Platform/x86_64/49/c97a19249ae151244a123538628d10aa41ddce6f2af64d8b3c010838a3e9ccaf/files/etc/fonts/conf.avail/35-lang-normalize.conf
/var/lib/flatpak/runtime/org.gnome.Platform/x86_64/49/c97a19249ae151244a123538628d10aa41ddce6f2af64d8b3c010838a3e9ccaf/files/etc/fonts/conf.avail/40-nonlatin.conf
/var/lib/flatpak/runtime/org.gnome.Platform/x86_64/49/c97a19249ae151244a123538628d10aa41ddce6f2af64d8b3c010838a3e9ccaf/files/etc/fonts/conf.avail/45-generic.conf
/var/lib/flatpak/runtime/org.gnome.Platform/x86_64/49/c97a19249ae151244a123538628d10aa41ddce6f2af64d8b3c010838a3e9ccaf/files/etc/fonts/conf.avail/45-latin.conf
/var/lib/flatpak/runtime/org.gnome.Platform/x86_64/49/c97a19249ae151244a123538628d10aa41ddce6f2af64d8b3c010838a3e9ccaf/files/etc/fonts/conf.avail/48-guessfamily.conf
/var/lib/flatpak/runtime/org.gnome.Platform/x86_64/49/c97a19249ae151244a123538628d10aa41ddce6f2af64d8b3c010838a3e9ccaf/files/etc/fonts/conf.avail/48-spacing.conf
/var/lib/flatpak/runtime/org.gnome.Platform/x86_64/49/c97a19249ae151244a123538628d10aa41ddce6f2af64d8b3c010838a3e9ccaf/files/etc/fonts/conf.avail/49-sansserif.conf
/var/lib/flatpak/runtime/org.gnome.Platform/x86_64/49/c97a19249ae151244a123538628d10aa41ddce6f2af64d8b3c010838a3e9ccaf/files/etc/fonts/conf.avail/50-user.conf
/var/lib/flatpak/runtime/org.gnome.Platform/x86_64/49/c97a19249ae151244a123538628d10aa41ddce6f2af64d8b3c010838a3e9ccaf/files/etc/fonts/conf.avail/51-local.conf
/var/lib/flatpak/runtime/org.gnome.Platform/x86_64/49/c97a19249ae151244a123538628d10aa41ddce6f2af64d8b3c010838a3e9ccaf/files/etc/fonts/conf.avail/57-dejavu-sans-mono.conf
/var/lib/flatpak/runtime/org.gnome.Platform/x86_64/49/c97a19249ae151244a123538628d10aa41ddce6f2af64d8b3c010838a3e9ccaf/files/etc/fonts/conf.avail/57-dejavu-sans.conf
/var/lib/flatpak/runtime/org.gnome.Platform/x86_64/49/c97a19249ae151244a123538628d10aa41ddce6f2af64d8b3c010838a3e9ccaf/files/etc/fonts/conf.avail/57-dejavu-serif.conf
/var/lib/flatpak/runtime/org.gnome.Platform/x86_64/49/c97a19249ae151244a123538628d10aa41ddce6f2af64d8b3c010838a3e9ccaf/files/etc/fonts/conf.avail/59-liberation-fonts-mono.conf
/var/lib/flatpak/runtime/org.gnome.Platform/x86_64/49/c97a19249ae151244a123538628d10aa41ddce6f2af64d8b3c010838a3e9ccaf/files/etc/fonts/conf.avail/59-liberation-fonts-narrow.conf
/var/lib/flatpak/runtime/org.gnome.Platform/x86_64/49/c97a19249ae151244a123538628d10aa41ddce6f2af64d8b3c010838a3e9ccaf/files/etc/fonts/conf.avail/59-liberation-fonts-sans.conf
/var/lib/flatpak/runtime/org.gnome.Platform/x86_64/49/c97a19249ae151244a123538628d10aa41ddce6f2af64d8b3c010838a3e9ccaf/files/etc/fonts/conf.avail/59-liberation-fonts-serif.conf
/var/lib/flatpak/runtime/org.gnome.Platform/x86_64/49/c97a19249ae151244a123538628d10aa41ddce6f2af64d8b3c010838a3e9ccaf/files/etc/fonts/conf.avail/60-generic.conf
/var/lib/flatpak/runtime/org.gnome.Platform/x86_64/49/c97a19249ae151244a123538628d10aa41ddce6f2af64d8b3c010838a3e9ccaf/files/etc/fonts/conf.avail/60-latin.conf
/var/lib/flatpak/runtime/org.gnome.Platform/x86_64/49/c97a19249ae151244a123538628d10aa41ddce6f2af64d8b3c010838a3e9ccaf/files/etc/fonts/conf.avail/62-google-crosextra-caladea.conf
/var/lib/flatpak/runtime/org.gnome.Platform/x86_64/49/c97a19249ae151244a123538628d10aa41ddce6f2af64d8b3c010838a3e9ccaf/files/etc/fonts/conf.avail/62-google-crosextra-carlito.conf
/var/lib/flatpak/runtime/org.gnome.Platform/x86_64/49/c97a19249ae151244a123538628d10aa41ddce6f2af64d8b3c010838a3e9ccaf/files/etc/fonts/conf.avail/65-fonts-persian.conf
/var/lib/flatpak/runtime/org.gnome.Platform/x86_64/49/c97a19249ae151244a123538628d10aa41ddce6f2af64d8b3c010838a3e9ccaf/files/etc/fonts/conf.avail/65-khmer.conf
/var/lib/flatpak/runtime/org.gnome.Platform/x86_64/49/c97a19249ae151244a123538628d10aa41ddce6f2af64d8b3c010838a3e9ccaf/files/etc/fonts/conf.avail/65-nonlatin.conf
/var/lib/flatpak/runtime/org.gnome.Platform/x86_64/49/c97a19249ae151244a123538628d10aa41ddce6f2af64d8b3c010838a3e9ccaf/files/etc/fonts/conf.avail/69-gnu-free-mono.conf
/var/lib/flatpak/runtime/org.gnome.Platform/x86_64/49/c97a19249ae151244a123538628d10aa41ddce6f2af64d8b3c010838a3e9ccaf/files/etc/fonts/conf.avail/69-gnu-free-sans.conf
/var/lib/flatpak/runtime/org.gnome.Platform/x86_64/49/c97a19249ae151244a123538628d10aa41ddce6f2af64d8b3c010838a3e9ccaf/files/etc/fonts/conf.avail/69-gnu-free-serif.conf
/var/lib/flatpak/runtime/org.gnome.Platform/x86_64/49/c97a19249ae151244a123538628d10aa41ddce6f2af64d8b3c010838a3e9ccaf/files/etc/fonts/conf.avail/69-unifont.conf
/var/lib/flatpak/runtime/org.gnome.Platform/x86_64/49/c97a19249ae151244a123538628d10aa41ddce6f2af64d8b3c010838a3e9ccaf/files/etc/fonts/conf.avail/70-no-bitmaps-and-emoji.conf
/var/lib/flatpak/runtime/org.gnome.Platform/x86_64/49/c97a19249ae151244a123538628d10aa41ddce6f2af64d8b3c010838a3e9ccaf/files/etc/fonts/conf.avail/70-no-bitmaps-except-emoji.conf
/var/lib/flatpak/runtime/org.gnome.Platform/x86_64/49/c97a19249ae151244a123538628d10aa41ddce6f2af64d8b3c010838a3e9ccaf/files/etc/fonts/conf.avail/70-no-bitmaps.conf
/var/lib/flatpak/runtime/org.gnome.Platform/x86_64/49/c97a19249ae151244a123538628d10aa41ddce6f2af64d8b3c010838a3e9ccaf/files/etc/fonts/conf.avail/70-yes-bitmaps.conf
/var/lib/flatpak/runtime/org.gnome.Platform/x86_64/49/c97a19249ae151244a123538628d10aa41ddce6f2af64d8b3c010838a3e9ccaf/files/etc/fonts/conf.avail/80-delicious.conf
/var/lib/flatpak/runtime/org.gnome.Platform/x86_64/49/c97a19249ae151244a123538628d10aa41ddce6f2af64d8b3c010838a3e9ccaf/files/etc/fonts/conf.avail/90-synthetic.conf
/var/lib/flatpak/runtime/org.gnome.Platform/x86_64/49/c97a19249ae151244a123538628d10aa41ddce6f2af64d8b3c010838a3e9ccaf/files/etc/fonts/conf.d/05-flatpak-fontpath.conf
/var/lib/flatpak/runtime/org.gnome.Platform/x86_64/49/c97a19249ae151244a123538628d10aa41ddce6f2af64d8b3c010838a3e9ccaf/files/etc/fonts/conf.d/50-flatpak.conf
/var/lib/flatpak/runtime/org.gnome.Platform/x86_64/49/c97a19249ae151244a123538628d10aa41ddce6f2af64d8b3c010838a3e9ccaf/files/etc/gss/mech.d/proxymech.conf
/var/lib/flatpak/runtime/org.gnome.Platform/x86_64/49/c97a19249ae151244a123538628d10aa41ddce6f2af64d8b3c010838a3e9ccaf/files/etc/gtk-3.0/im-multipress.conf
/var/lib/flatpak/runtime/org.gnome.Platform/x86_64/49/c97a19249ae151244a123538628d10aa41ddce6f2af64d8b3c010838a3e9ccaf/files/etc/pki/ca-trust/ca-legacy.conf
/var/lib/flatpak/runtime/org.gnome.Platform/x86_64/49/c97a19249ae151244a123538628d10aa41ddce6f2af64d8b3c010838a3e9ccaf/files/etc/pulse/client.conf
/var/lib/flatpak/runtime/org.gnome.Platform/x86_64/49/c97a19249ae151244a123538628d10aa41ddce6f2af64d8b3c010838a3e9ccaf/files/etc/security/limits.d/25-pw-rlimits.conf
/var/lib/flatpak/runtime/org.gnome.Platform/x86_64/49/c97a19249ae151244a123538628d10aa41ddce6f2af64d8b3c010838a3e9ccaf/files/etc/xdg/user-dirs.conf
/var/lib/flatpak/runtime/org.gnome.Platform/x86_64/49/c97a19249ae151244a123538628d10aa41ddce6f2af64d8b3c010838a3e9ccaf/files/lib/x86_64-linux-gnu/gconv/gconv-modules.d/gconv-modules-extra.conf
/var/lib/flatpak/runtime/org.gnome.Platform/x86_64/49/c97a19249ae151244a123538628d10aa41ddce6f2af64d8b3c010838a3e9ccaf/files/share/alsa/alsa-flatpak.conf
/var/lib/flatpak/runtime/org.gnome.Platform/x86_64/49/c97a19249ae151244a123538628d10aa41ddce6f2af64d8b3c010838a3e9ccaf/files/share/alsa/alsa.conf
/var/lib/flatpak/runtime/org.gnome.Platform/x86_64/49/c97a19249ae151244a123538628d10aa41ddce6f2af64d8b3c010838a3e9ccaf/files/share/alsa/alsa.conf.d/50-arcam-av-ctl.conf
/var/lib/flatpak/runtime/org.gnome.Platform/x86_64/49/c97a19249ae151244a123538628d10aa41ddce6f2af64d8b3c010838a3e9ccaf/files/share/alsa/alsa.conf.d/50-oss.conf
/var/lib/flatpak/runtime/org.gnome.Platform/x86_64/49/c97a19249ae151244a123538628d10aa41ddce6f2af64d8b3c010838a3e9ccaf/files/share/alsa/alsa.conf.d/50-pipewire.conf
/var/lib/flatpak/runtime/org.gnome.Platform/x86_64/49/c97a19249ae151244a123538628d10aa41ddce6f2af64d8b3c010838a3e9ccaf/files/share/alsa/alsa.conf.d/50-pulseaudio.conf
/var/lib/flatpak/runtime/org.gnome.Platform/x86_64/49/c97a19249ae151244a123538628d10aa41ddce6f2af64d8b3c010838a3e9ccaf/files/share/alsa/alsa.conf.d/60-upmix.conf
/var/lib/flatpak/runtime/org.gnome.Platform/x86_64/49/c97a19249ae151244a123538628d10aa41ddce6f2af64d8b3c010838a3e9ccaf/files/share/alsa/alsa.conf.d/60-vdownmix.conf
/var/lib/flatpak/runtime/org.gnome.Platform/x86_64/49/c97a19249ae151244a123538628d10aa41ddce6f2af64d8b3c010838a3e9ccaf/files/share/alsa/alsa.conf.d/98-usb-stream.conf
/var/lib/flatpak/runtime/org.gnome.Platform/x86_64/49/c97a19249ae151244a123538628d10aa41ddce6f2af64d8b3c010838a3e9ccaf/files/share/alsa/cards/AACI.conf
/var/lib/flatpak/runtime/org.gnome.Platform/x86_64/49/c97a19249ae151244a123538628d10aa41ddce6f2af64d8b3c010838a3e9ccaf/files/share/alsa/cards/ATIIXP-MODEM.conf
/var/lib/flatpak/runtime/org.gnome.Platform/x86_64/49/c97a19249ae151244a123538628d10aa41ddce6f2af64d8b3c010838a3e9ccaf/files/share/alsa/cards/ATIIXP-SPDMA.conf
/var/lib/flatpak/runtime/org.gnome.Platform/x86_64/49/c97a19249ae151244a123538628d10aa41ddce6f2af64d8b3c010838a3e9ccaf/files/share/alsa/cards/ATIIXP.conf
/var/lib/flatpak/runtime/org.gnome.Platform/x86_64/49/c97a19249ae151244a123538628d10aa41ddce6f2af64d8b3c010838a3e9ccaf/files/share/alsa/cards/AU8810.conf
/var/lib/flatpak/runtime/org.gnome.Platform/x86_64/49/c97a19249ae151244a123538628d10aa41ddce6f2af64d8b3c010838a3e9ccaf/files/share/alsa/cards/AU8820.conf
/var/lib/flatpak/runtime/org.gnome.Platform/x86_64/49/c97a19249ae151244a123538628d10aa41ddce6f2af64d8b3c010838a3e9ccaf/files/share/alsa/cards/AU8830.conf
/var/lib/flatpak/runtime/org.gnome.Platform/x86_64/49/c97a19249ae151244a123538628d10aa41ddce6f2af64d8b3c010838a3e9ccaf/files/share/alsa/cards/Audigy.conf
/var/lib/flatpak/runtime/org.gnome.Platform/x86_64/49/c97a19249ae151244a123538628d10aa41ddce6f2af64d8b3c010838a3e9ccaf/files/share/alsa/cards/Audigy2.conf
/var/lib/flatpak/runtime/org.gnome.Platform/x86_64/49/c97a19249ae151244a123538628d10aa41ddce6f2af64d8b3c010838a3e9ccaf/files/share/alsa/cards/Aureon51.conf
/var/lib/flatpak/runtime/org.gnome.Platform/x86_64/49/c97a19249ae151244a123538628d10aa41ddce6f2af64d8b3c010838a3e9ccaf/files/share/alsa/cards/Aureon71.conf
/var/lib/flatpak/runtime/org.gnome.Platform/x86_64/49/c97a19249ae151244a123538628d10aa41ddce6f2af64d8b3c010838a3e9ccaf/files/share/alsa/cards/CA0106.conf
/var/lib/flatpak/runtime/org.gnome.Platform/x86_64/49/c97a19249ae151244a123538628d10aa41ddce6f2af64d8b3c010838a3e9ccaf/files/share/alsa/cards/CMI8338-SWIEC.conf
/var/lib/flatpak/runtime/org.gnome.Platform/x86_64/49/c97a19249ae151244a123538628d10aa41ddce6f2af64d8b3c010838a3e9ccaf/files/share/alsa/cards/CMI8338.conf
/var/lib/flatpak/runtime/org.gnome.Platform/x86_64/49/c97a19249ae151244a123538628d10aa41ddce6f2af64d8b3c010838a3e9ccaf/files/share/alsa/cards/CMI8738-MC6.conf
/var/lib/flatpak/runtime/org.gnome.Platform/x86_64/49/c97a19249ae151244a123538628d10aa41ddce6f2af64d8b3c010838a3e9ccaf/files/share/alsa/cards/CMI8738-MC8.conf
/var/lib/flatpak/runtime/org.gnome.Platform/x86_64/49/c97a19249ae151244a123538628d10aa41ddce6f2af64d8b3c010838a3e9ccaf/files/share/alsa/cards/CMI8788.conf
/var/lib/flatpak/runtime/org.gnome.Platform/x86_64/49/c97a19249ae151244a123538628d10aa41ddce6f2af64d8b3c010838a3e9ccaf/files/share/alsa/cards/CS46xx.conf
/var/lib/flatpak/runtime/org.gnome.Platform/x86_64/49/c97a19249ae151244a123538628d10aa41ddce6f2af64d8b3c010838a3e9ccaf/files/share/alsa/cards/EMU10K1.conf
/var/lib/flatpak/runtime/org.gnome.Platform/x86_64/49/c97a19249ae151244a123538628d10aa41ddce6f2af64d8b3c010838a3e9ccaf/files/share/alsa/cards/EMU10K1X.conf
/var/lib/flatpak/runtime/org.gnome.Platform/x86_64/49/c97a19249ae151244a123538628d10aa41ddce6f2af64d8b3c010838a3e9ccaf/files/share/alsa/cards/ENS1370.conf
/var/lib/flatpak/runtime/org.gnome.Platform/x86_64/49/c97a19249ae151244a123538628d10aa41ddce6f2af64d8b3c010838a3e9ccaf/files/share/alsa/cards/ENS1371.conf
/var/lib/flatpak/runtime/org.gnome.Platform/x86_64/49/c97a19249ae151244a123538628d10aa41ddce6f2af64d8b3c010838a3e9ccaf/files/share/alsa/cards/ES1968.conf
/var/lib/flatpak/runtime/org.gnome.Platform/x86_64/49/c97a19249ae151244a123538628d10aa41ddce6f2af64d8b3c010838a3e9ccaf/files/share/alsa/cards/Echo_Echo3G.conf
/var/lib/flatpak/runtime/org.gnome.Platform/x86_64/49/c97a19249ae151244a123538628d10aa41ddce6f2af64d8b3c010838a3e9ccaf/files/share/alsa/cards/FM801.conf
/var/lib/flatpak/runtime/org.gnome.Platform/x86_64/49/c97a19249ae151244a123538628d10aa41ddce6f2af64d8b3c010838a3e9ccaf/files/share/alsa/cards/FWSpeakers.conf
/var/lib/flatpak/runtime/org.gnome.Platform/x86_64/49/c97a19249ae151244a123538628d10aa41ddce6f2af64d8b3c010838a3e9ccaf/files/share/alsa/cards/FireWave.conf
/var/lib/flatpak/runtime/org.gnome.Platform/x86_64/49/c97a19249ae151244a123538628d10aa41ddce6f2af64d8b3c010838a3e9ccaf/files/share/alsa/cards/GUS.conf
/var/lib/flatpak/runtime/org.gnome.Platform/x86_64/49/c97a19249ae151244a123538628d10aa41ddce6f2af64d8b3c010838a3e9ccaf/files/share/alsa/cards/HDA-Intel.conf
/var/lib/flatpak/runtime/org.gnome.Platform/x86_64/49/c97a19249ae151244a123538628d10aa41ddce6f2af64d8b3c010838a3e9ccaf/files/share/alsa/cards/HdmiLpeAudio.conf
/var/lib/flatpak/runtime/org.gnome.Platform/x86_64/49/c97a19249ae151244a123538628d10aa41ddce6f2af64d8b3c010838a3e9ccaf/files/share/alsa/cards/ICE1712.conf
/var/lib/flatpak/runtime/org.gnome.Platform/x86_64/49/c97a19249ae151244a123538628d10aa41ddce6f2af64d8b3c010838a3e9ccaf/files/share/alsa/cards/ICE1724.conf
/var/lib/flatpak/runtime/org.gnome.Platform/x86_64/49/c97a19249ae151244a123538628d10aa41ddce6f2af64d8b3c010838a3e9ccaf/files/share/alsa/cards/ICH-MODEM.conf
/var/lib/flatpak/runtime/org.gnome.Platform/x86_64/49/c97a19249ae151244a123538628d10aa41ddce6f2af64d8b3c010838a3e9ccaf/files/share/alsa/cards/ICH.conf
/var/lib/flatpak/runtime/org.gnome.Platform/x86_64/49/c97a19249ae151244a123538628d10aa41ddce6f2af64d8b3c010838a3e9ccaf/files/share/alsa/cards/ICH4.conf
/var/lib/flatpak/runtime/org.gnome.Platform/x86_64/49/c97a19249ae151244a123538628d10aa41ddce6f2af64d8b3c010838a3e9ccaf/files/share/alsa/cards/Loopback.conf
/var/lib/flatpak/runtime/org.gnome.Platform/x86_64/49/c97a19249ae151244a123538628d10aa41ddce6f2af64d8b3c010838a3e9ccaf/files/share/alsa/cards/Maestro3.conf
/var/lib/flatpak/runtime/org.gnome.Platform/x86_64/49/c97a19249ae151244a123538628d10aa41ddce6f2af64d8b3c010838a3e9ccaf/files/share/alsa/cards/NFORCE.conf
/var/lib/flatpak/runtime/org.gnome.Platform/x86_64/49/c97a19249ae151244a123538628d10aa41ddce6f2af64d8b3c010838a3e9ccaf/files/share/alsa/cards/PC-Speaker.conf
/var/lib/flatpak/runtime/org.gnome.Platform/x86_64/49/c97a19249ae151244a123538628d10aa41ddce6f2af64d8b3c010838a3e9ccaf/files/share/alsa/cards/PMac.conf
/var/lib/flatpak/runtime/org.gnome.Platform/x86_64/49/c97a19249ae151244a123538628d10aa41ddce6f2af64d8b3c010838a3e9ccaf/files/share/alsa/cards/PMacToonie.conf
/var/lib/flatpak/runtime/org.gnome.Platform/x86_64/49/c97a19249ae151244a123538628d10aa41ddce6f2af64d8b3c010838a3e9ccaf/files/share/alsa/cards/PS3.conf
/var/lib/flatpak/runtime/org.gnome.Platform/x86_64/49/c97a19249ae151244a123538628d10aa41ddce6f2af64d8b3c010838a3e9ccaf/files/share/alsa/cards/RME9636.conf
/var/lib/flatpak/runtime/org.gnome.Platform/x86_64/49/c97a19249ae151244a123538628d10aa41ddce6f2af64d8b3c010838a3e9ccaf/files/share/alsa/cards/RME9652.conf
/var/lib/flatpak/runtime/org.gnome.Platform/x86_64/49/c97a19249ae151244a123538628d10aa41ddce6f2af64d8b3c010838a3e9ccaf/files/share/alsa/cards/SB-XFi.conf
/var/lib/flatpak/runtime/org.gnome.Platform/x86_64/49/c97a19249ae151244a123538628d10aa41ddce6f2af64d8b3c010838a3e9ccaf/files/share/alsa/cards/SI7018.conf
/var/lib/flatpak/runtime/org.gnome.Platform/x86_64/49/c97a19249ae151244a123538628d10aa41ddce6f2af64d8b3c010838a3e9ccaf/files/share/alsa/cards/TRID4DWAVENX.conf
/var/lib/flatpak/runtime/org.gnome.Platform/x86_64/49/c97a19249ae151244a123538628d10aa41ddce6f2af64d8b3c010838a3e9ccaf/files/share/alsa/cards/USB-Audio.conf
/var/lib/flatpak/runtime/org.gnome.Platform/x86_64/49/c97a19249ae151244a123538628d10aa41ddce6f2af64d8b3c010838a3e9ccaf/files/share/alsa/cards/VIA686A.conf
/var/lib/flatpak/runtime/org.gnome.Platform/x86_64/49/c97a19249ae151244a123538628d10aa41ddce6f2af64d8b3c010838a3e9ccaf/files/share/alsa/cards/VIA8233.conf
/var/lib/flatpak/runtime/org.gnome.Platform/x86_64/49/c97a19249ae151244a123538628d10aa41ddce6f2af64d8b3c010838a3e9ccaf/files/share/alsa/cards/VIA8233A.conf
/var/lib/flatpak/runtime/org.gnome.Platform/x86_64/49/c97a19249ae151244a123538628d10aa41ddce6f2af64d8b3c010838a3e9ccaf/files/share/alsa/cards/VIA8237.conf
/var/lib/flatpak/runtime/org.gnome.Platform/x86_64/49/c97a19249ae151244a123538628d10aa41ddce6f2af64d8b3c010838a3e9ccaf/files/share/alsa/cards/VX222.conf
/var/lib/flatpak/runtime/org.gnome.Platform/x86_64/49/c97a19249ae151244a123538628d10aa41ddce6f2af64d8b3c010838a3e9ccaf/files/share/alsa/cards/VXPocket.conf
/var/lib/flatpak/runtime/org.gnome.Platform/x86_64/49/c97a19249ae151244a123538628d10aa41ddce6f2af64d8b3c010838a3e9ccaf/files/share/alsa/cards/VXPocket440.conf
/var/lib/flatpak/runtime/org.gnome.Platform/x86_64/49/c97a19249ae151244a123538628d10aa41ddce6f2af64d8b3c010838a3e9ccaf/files/share/alsa/cards/YMF744.conf
/var/lib/flatpak/runtime/org.gnome.Platform/x86_64/49/c97a19249ae151244a123538628d10aa41ddce6f2af64d8b3c010838a3e9ccaf/files/share/alsa/cards/aliases.conf
/var/lib/flatpak/runtime/org.gnome.Platform/x86_64/49/c97a19249ae151244a123538628d10aa41ddce6f2af64d8b3c010838a3e9ccaf/files/share/alsa/cards/pistachio-card.conf
/var/lib/flatpak/runtime/org.gnome.Platform/x86_64/49/c97a19249ae151244a123538628d10aa41ddce6f2af64d8b3c010838a3e9ccaf/files/share/alsa/cards/vc4-hdmi.conf
/var/lib/flatpak/runtime/org.gnome.Platform/x86_64/49/c97a19249ae151244a123538628d10aa41ddce6f2af64d8b3c010838a3e9ccaf/files/share/alsa/ctl/default.conf
/var/lib/flatpak/runtime/org.gnome.Platform/x86_64/49/c97a19249ae151244a123538628d10aa41ddce6f2af64d8b3c010838a3e9ccaf/files/share/alsa/pcm/center_lfe.conf
/var/lib/flatpak/runtime/org.gnome.Platform/x86_64/49/c97a19249ae151244a123538628d10aa41ddce6f2af64d8b3c010838a3e9ccaf/files/share/alsa/pcm/default.conf
/var/lib/flatpak/runtime/org.gnome.Platform/x86_64/49/c97a19249ae151244a123538628d10aa41ddce6f2af64d8b3c010838a3e9ccaf/files/share/alsa/pcm/dmix.conf
/var/lib/flatpak/runtime/org.gnome.Platform/x86_64/49/c97a19249ae151244a123538628d10aa41ddce6f2af64d8b3c010838a3e9ccaf/files/share/alsa/pcm/dpl.conf
/var/lib/flatpak/runtime/org.gnome.Platform/x86_64/49/c97a19249ae151244a123538628d10aa41ddce6f2af64d8b3c010838a3e9ccaf/files/share/alsa/pcm/dsnoop.conf
/var/lib/flatpak/runtime/org.gnome.Platform/x86_64/49/c97a19249ae151244a123538628d10aa41ddce6f2af64d8b3c010838a3e9ccaf/files/share/alsa/pcm/front.conf
/var/lib/flatpak/runtime/org.gnome.Platform/x86_64/49/c97a19249ae151244a123538628d10aa41ddce6f2af64d8b3c010838a3e9ccaf/files/share/alsa/pcm/hdmi.conf
/var/lib/flatpak/runtime/org.gnome.Platform/x86_64/49/c97a19249ae151244a123538628d10aa41ddce6f2af64d8b3c010838a3e9ccaf/files/share/alsa/pcm/iec958.conf
/var/lib/flatpak/runtime/org.gnome.Platform/x86_64/49/c97a19249ae151244a123538628d10aa41ddce6f2af64d8b3c010838a3e9ccaf/files/share/alsa/pcm/modem.conf
/var/lib/flatpak/runtime/org.gnome.Platform/x86_64/49/c97a19249ae151244a123538628d10aa41ddce6f2af64d8b3c010838a3e9ccaf/files/share/alsa/pcm/rear.conf
/var/lib/flatpak/runtime/org.gnome.Platform/x86_64/49/c97a19249ae151244a123538628d10aa41ddce6f2af64d8b3c010838a3e9ccaf/files/share/alsa/pcm/side.conf
/var/lib/flatpak/runtime/org.gnome.Platform/x86_64/49/c97a19249ae151244a123538628d10aa41ddce6f2af64d8b3c010838a3e9ccaf/files/share/alsa/pcm/surround21.conf
/var/lib/flatpak/runtime/org.gnome.Platform/x86_64/49/c97a19249ae151244a123538628d10aa41ddce6f2af64d8b3c010838a3e9ccaf/files/share/alsa/pcm/surround40.conf
/var/lib/flatpak/runtime/org.gnome.Platform/x86_64/49/c97a19249ae151244a123538628d10aa41ddce6f2af64d8b3c010838a3e9ccaf/files/share/alsa/pcm/surround41.conf
/var/lib/flatpak/runtime/org.gnome.Platform/x86_64/49/c97a19249ae151244a123538628d10aa41ddce6f2af64d8b3c010838a3e9ccaf/files/share/alsa/pcm/surround50.conf
/var/lib/flatpak/runtime/org.gnome.Platform/x86_64/49/c97a19249ae151244a123538628d10aa41ddce6f2af64d8b3c010838a3e9ccaf/files/share/alsa/pcm/surround51.conf
/var/lib/flatpak/runtime/org.gnome.Platform/x86_64/49/c97a19249ae151244a123538628d10aa41ddce6f2af64d8b3c010838a3e9ccaf/files/share/alsa/pcm/surround71.conf
/var/lib/flatpak/runtime/org.gnome.Platform/x86_64/49/c97a19249ae151244a123538628d10aa41ddce6f2af64d8b3c010838a3e9ccaf/files/share/appstream/appstream.conf
/var/lib/flatpak/runtime/org.gnome.Platform/x86_64/49/c97a19249ae151244a123538628d10aa41ddce6f2af64d8b3c010838a3e9ccaf/files/share/dbus-1/session.conf
/var/lib/flatpak/runtime/org.gnome.Platform/x86_64/49/c97a19249ae151244a123538628d10aa41ddce6f2af64d8b3c010838a3e9ccaf/files/share/dbus-1/system.conf
/var/lib/flatpak/runtime/org.gnome.Platform/x86_64/49/c97a19249ae151244a123538628d10aa41ddce6f2af64d8b3c010838a3e9ccaf/files/share/defaults/at-spi2/accessibility.conf
/var/lib/flatpak/runtime/org.gnome.Platform/x86_64/49/c97a19249ae151244a123538628d10aa41ddce6f2af64d8b3c010838a3e9ccaf/files/share/glycin-loaders/2+/conf.d/glycin-heif.conf
/var/lib/flatpak/runtime/org.gnome.Platform/x86_64/49/c97a19249ae151244a123538628d10aa41ddce6f2af64d8b3c010838a3e9ccaf/files/share/glycin-loaders/2+/conf.d/glycin-image-rs.conf
/var/lib/flatpak/runtime/org.gnome.Platform/x86_64/49/c97a19249ae151244a123538628d10aa41ddce6f2af64d8b3c010838a3e9ccaf/files/share/glycin-loaders/2+/conf.d/glycin-jxl.conf
/var/lib/flatpak/runtime/org.gnome.Platform/x86_64/49/c97a19249ae151244a123538628d10aa41ddce6f2af64d8b3c010838a3e9ccaf/files/share/glycin-loaders/2+/conf.d/glycin-svg.conf
/var/lib/flatpak/runtime/org.gnome.Platform/x86_64/49/c97a19249ae151244a123538628d10aa41ddce6f2af64d8b3c010838a3e9ccaf/files/share/pipewire/client.conf
/var/lib/flatpak/runtime/org.gnome.Platform/x86_64/49/c97a19249ae151244a123538628d10aa41ddce6f2af64d8b3c010838a3e9ccaf/files/share/pipewire/filter-chain.conf
/var/lib/flatpak/runtime/org.gnome.Platform/x86_64/49/c97a19249ae151244a123538628d10aa41ddce6f2af64d8b3c010838a3e9ccaf/files/share/pipewire/jack.conf
/var/lib/flatpak/runtime/org.gnome.Platform/x86_64/49/c97a19249ae151244a123538628d10aa41ddce6f2af64d8b3c010838a3e9ccaf/files/share/pipewire/minimal.conf
/var/lib/flatpak/runtime/org.gnome.Platform/x86_64/49/c97a19249ae151244a123538628d10aa41ddce6f2af64d8b3c010838a3e9ccaf/files/share/pipewire/pipewire-aes67.conf
/var/lib/flatpak/runtime/org.gnome.Platform/x86_64/49/c97a19249ae151244a123538628d10aa41ddce6f2af64d8b3c010838a3e9ccaf/files/share/pipewire/pipewire-avb.conf
/var/lib/flatpak/runtime/org.gnome.Platform/x86_64/49/c97a19249ae151244a123538628d10aa41ddce6f2af64d8b3c010838a3e9ccaf/files/share/pipewire/pipewire-pulse.conf
/var/lib/flatpak/runtime/org.gnome.Platform/x86_64/49/c97a19249ae151244a123538628d10aa41ddce6f2af64d8b3c010838a3e9ccaf/files/share/pipewire/pipewire.conf
/var/lib/flatpak/runtime/org.gnome.Platform/x86_64/49/c97a19249ae151244a123538628d10aa41ddce6f2af64d8b3c010838a3e9ccaf/files/share/pipewire/client.conf.avail/20-upmix.conf
/var/lib/flatpak/runtime/org.gnome.Platform/x86_64/49/c97a19249ae151244a123538628d10aa41ddce6f2af64d8b3c010838a3e9ccaf/files/share/pipewire/filter-chain/demonic.conf
/var/lib/flatpak/runtime/org.gnome.Platform/x86_64/49/c97a19249ae151244a123538628d10aa41ddce6f2af64d8b3c010838a3e9ccaf/files/share/pipewire/filter-chain/sink-dolby-surround.conf
/var/lib/flatpak/runtime/org.gnome.Platform/x86_64/49/c97a19249ae151244a123538628d10aa41ddce6f2af64d8b3c010838a3e9ccaf/files/share/pipewire/filter-chain/sink-eq6.conf
/var/lib/flatpak/runtime/org.gnome.Platform/x86_64/49/c97a19249ae151244a123538628d10aa41ddce6f2af64d8b3c010838a3e9ccaf/files/share/pipewire/filter-chain/sink-make-LFE.conf
/var/lib/flatpak/runtime/org.gnome.Platform/x86_64/49/c97a19249ae151244a123538628d10aa41ddce6f2af64d8b3c010838a3e9ccaf/files/share/pipewire/filter-chain/sink-matrix-spatialiser.conf
/var/lib/flatpak/runtime/org.gnome.Platform/x86_64/49/c97a19249ae151244a123538628d10aa41ddce6f2af64d8b3c010838a3e9ccaf/files/share/pipewire/filter-chain/sink-mix-FL-FR.conf
/var/lib/flatpak/runtime/org.gnome.Platform/x86_64/49/c97a19249ae151244a123538628d10aa41ddce6f2af64d8b3c010838a3e9ccaf/files/share/pipewire/filter-chain/sink-upmix-5.1-filter.conf
/var/lib/flatpak/runtime/org.gnome.Platform/x86_64/49/c97a19249ae151244a123538628d10aa41ddce6f2af64d8b3c010838a3e9ccaf/files/share/pipewire/filter-chain/sink-virtual-surround-5.1-kemar.conf
/var/lib/flatpak/runtime/org.gnome.Platform/x86_64/49/c97a19249ae151244a123538628d10aa41ddce6f2af64d8b3c010838a3e9ccaf/files/share/pipewire/filter-chain/sink-virtual-surround-7.1-hesuvi.conf
/var/lib/flatpak/runtime/org.gnome.Platform/x86_64/49/c97a19249ae151244a123538628d10aa41ddce6f2af64d8b3c010838a3e9ccaf/files/share/pipewire/filter-chain/source-duplicate-FL.conf
/var/lib/flatpak/runtime/org.gnome.Platform/x86_64/49/c97a19249ae151244a123538628d10aa41ddce6f2af64d8b3c010838a3e9ccaf/files/share/pipewire/filter-chain/source-rnnoise.conf
/var/lib/flatpak/runtime/org.gnome.Platform/x86_64/49/c97a19249ae151244a123538628d10aa41ddce6f2af64d8b3c010838a3e9ccaf/files/share/pipewire/pipewire-pulse.conf.avail/20-upmix.conf
/var/lib/flatpak/runtime/org.gnome.Platform/x86_64/49/c97a19249ae151244a123538628d10aa41ddce6f2af64d8b3c010838a3e9ccaf/files/share/pipewire/pipewire.conf.avail/10-rates.conf
/var/lib/flatpak/runtime/org.gnome.Platform/x86_64/49/c97a19249ae151244a123538628d10aa41ddce6f2af64d8b3c010838a3e9ccaf/files/share/pipewire/pipewire.conf.avail/20-upmix.conf
/var/lib/flatpak/runtime/org.gnome.Platform/x86_64/49/c97a19249ae151244a123538628d10aa41ddce6f2af64d8b3c010838a3e9ccaf/files/share/pipewire/pipewire.conf.avail/50-raop.conf
/var/lib/flatpak/runtime/org.gnome.Platform/x86_64/49/c97a19249ae151244a123538628d10aa41ddce6f2af64d8b3c010838a3e9ccaf/files/share/spa-0.2/bluez5/bluez-hardware.conf
/var/lib/flatpak/runtime/org.freedesktop.Platform/x86_64/25.08/18c4d2cd492ef63f2ba38cd06de0149d2542404144a0e0f6ebe0dfe5f7dbb680/files/etc/e2scrub.conf
/var/lib/flatpak/runtime/org.freedesktop.Platform/x86_64/25.08/18c4d2cd492ef63f2ba38cd06de0149d2542404144a0e0f6ebe0dfe5f7dbb680/files/etc/ld.so.conf
/var/lib/flatpak/runtime/org.freedesktop.Platform/x86_64/25.08/18c4d2cd492ef63f2ba38cd06de0149d2542404144a0e0f6ebe0dfe5f7dbb680/files/etc/mke2fs.conf
/var/lib/flatpak/runtime/org.freedesktop.Platform/x86_64/25.08/18c4d2cd492ef63f2ba38cd06de0149d2542404144a0e0f6ebe0dfe5f7dbb680/files/etc/nsswitch.conf
/var/lib/flatpak/runtime/org.freedesktop.Platform/x86_64/25.08/18c4d2cd492ef63f2ba38cd06de0149d2542404144a0e0f6ebe0dfe5f7dbb680/files/etc/xattr.conf
/var/lib/flatpak/runtime/org.freedesktop.Platform/x86_64/25.08/18c4d2cd492ef63f2ba38cd06de0149d2542404144a0e0f6ebe0dfe5f7dbb680/files/etc/alsa/conf.d/99-pulseaudio-default.conf
/var/lib/flatpak/runtime/org.freedesktop.Platform/x86_64/25.08/18c4d2cd492ef63f2ba38cd06de0149d2542404144a0e0f6ebe0dfe5f7dbb680/files/etc/fonts/fonts.conf
/var/lib/flatpak/runtime/org.freedesktop.Platform/x86_64/25.08/18c4d2cd492ef63f2ba38cd06de0149d2542404144a0e0f6ebe0dfe5f7dbb680/files/etc/fonts/conf.avail/05-reset-dirs-sample.conf
/var/lib/flatpak/runtime/org.freedesktop.Platform/x86_64/25.08/18c4d2cd492ef63f2ba38cd06de0149d2542404144a0e0f6ebe0dfe5f7dbb680/files/etc/fonts/conf.avail/09-autohint-if-no-hinting.conf
/var/lib/flatpak/runtime/org.freedesktop.Platform/x86_64/25.08/18c4d2cd492ef63f2ba38cd06de0149d2542404144a0e0f6ebe0dfe5f7dbb680/files/etc/fonts/conf.avail/10-autohint.conf
/var/lib/flatpak/runtime/org.freedesktop.Platform/x86_64/25.08/18c4d2cd492ef63f2ba38cd06de0149d2542404144a0e0f6ebe0dfe5f7dbb680/files/etc/fonts/conf.avail/10-hinting-full.conf
/var/lib/flatpak/runtime/org.freedesktop.Platform/x86_64/25.08/18c4d2cd492ef63f2ba38cd06de0149d2542404144a0e0f6ebe0dfe5f7dbb680/files/etc/fonts/conf.avail/10-hinting-medium.conf
/var/lib/flatpak/runtime/org.freedesktop.Platform/x86_64/25.08/18c4d2cd492ef63f2ba38cd06de0149d2542404144a0e0f6ebe0dfe5f7dbb680/files/etc/fonts/conf.avail/10-hinting-none.conf
/var/lib/flatpak/runtime/org.freedesktop.Platform/x86_64/25.08/18c4d2cd492ef63f2ba38cd06de0149d2542404144a0e0f6ebe0dfe5f7dbb680/files/etc/fonts/conf.avail/10-hinting-slight.conf
/var/lib/flatpak/runtime/org.freedesktop.Platform/x86_64/25.08/18c4d2cd492ef63f2ba38cd06de0149d2542404144a0e0f6ebe0dfe5f7dbb680/files/etc/fonts/conf.avail/10-no-antialias.conf
/var/lib/flatpak/runtime/org.freedesktop.Platform/x86_64/25.08/18c4d2cd492ef63f2ba38cd06de0149d2542404144a0e0f6ebe0dfe5f7dbb680/files/etc/fonts/conf.avail/10-scale-bitmap-fonts.conf
/var/lib/flatpak/runtime/org.freedesktop.Platform/x86_64/25.08/18c4d2cd492ef63f2ba38cd06de0149d2542404144a0e0f6ebe0dfe5f7dbb680/files/etc/fonts/conf.avail/10-sub-pixel-bgr.conf
/var/lib/flatpak/runtime/org.freedesktop.Platform/x86_64/25.08/18c4d2cd492ef63f2ba38cd06de0149d2542404144a0e0f6ebe0dfe5f7dbb680/files/etc/fonts/conf.avail/10-sub-pixel-none.conf
/var/lib/flatpak/runtime/org.freedesktop.Platform/x86_64/25.08/18c4d2cd492ef63f2ba38cd06de0149d2542404144a0e0f6ebe0dfe5f7dbb680/files/etc/fonts/conf.avail/10-sub-pixel-rgb.conf
/var/lib/flatpak/runtime/org.freedesktop.Platform/x86_64/25.08/18c4d2cd492ef63f2ba38cd06de0149d2542404144a0e0f6ebe0dfe5f7dbb680/files/etc/fonts/conf.avail/10-sub-pixel-vbgr.conf
/var/lib/flatpak/runtime/org.freedesktop.Platform/x86_64/25.08/18c4d2cd492ef63f2ba38cd06de0149d2542404144a0e0f6ebe0dfe5f7dbb680/files/etc/fonts/conf.avail/10-sub-pixel-vrgb.conf
/var/lib/flatpak/runtime/org.freedesktop.Platform/x86_64/25.08/18c4d2cd492ef63f2ba38cd06de0149d2542404144a0e0f6ebe0dfe5f7dbb680/files/etc/fonts/conf.avail/10-unhinted.conf
/var/lib/flatpak/runtime/org.freedesktop.Platform/x86_64/25.08/18c4d2cd492ef63f2ba38cd06de0149d2542404144a0e0f6ebe0dfe5f7dbb680/files/etc/fonts/conf.avail/10-yes-antialias.conf
/var/lib/flatpak/runtime/org.freedesktop.Platform/x86_64/25.08/18c4d2cd492ef63f2ba38cd06de0149d2542404144a0e0f6ebe0dfe5f7dbb680/files/etc/fonts/conf.avail/11-lcdfilter-default.conf
/var/lib/flatpak/runtime/org.freedesktop.Platform/x86_64/25.08/18c4d2cd492ef63f2ba38cd06de0149d2542404144a0e0f6ebe0dfe5f7dbb680/files/etc/fonts/conf.avail/11-lcdfilter-legacy.conf
/var/lib/flatpak/runtime/org.freedesktop.Platform/x86_64/25.08/18c4d2cd492ef63f2ba38cd06de0149d2542404144a0e0f6ebe0dfe5f7dbb680/files/etc/fonts/conf.avail/11-lcdfilter-light.conf
/var/lib/flatpak/runtime/org.freedesktop.Platform/x86_64/25.08/18c4d2cd492ef63f2ba38cd06de0149d2542404144a0e0f6ebe0dfe5f7dbb680/files/etc/fonts/conf.avail/11-lcdfilter-none.conf
/var/lib/flatpak/runtime/org.freedesktop.Platform/x86_64/25.08/18c4d2cd492ef63f2ba38cd06de0149d2542404144a0e0f6ebe0dfe5f7dbb680/files/etc/fonts/conf.avail/20-unhint-small-dejavu-sans-mono.conf
/var/lib/flatpak/runtime/org.freedesktop.Platform/x86_64/25.08/18c4d2cd492ef63f2ba38cd06de0149d2542404144a0e0f6ebe0dfe5f7dbb680/files/etc/fonts/conf.avail/20-unhint-small-dejavu-sans.conf
/var/lib/flatpak/runtime/org.freedesktop.Platform/x86_64/25.08/18c4d2cd492ef63f2ba38cd06de0149d2542404144a0e0f6ebe0dfe5f7dbb680/files/etc/fonts/conf.avail/20-unhint-small-dejavu-serif.conf
/var/lib/flatpak/runtime/org.freedesktop.Platform/x86_64/25.08/18c4d2cd492ef63f2ba38cd06de0149d2542404144a0e0f6ebe0dfe5f7dbb680/files/etc/fonts/conf.avail/20-unhint-small-vera.conf
/var/lib/flatpak/runtime/org.freedesktop.Platform/x86_64/25.08/18c4d2cd492ef63f2ba38cd06de0149d2542404144a0e0f6ebe0dfe5f7dbb680/files/etc/fonts/conf.avail/25-unhint-nonlatin.conf
/var/lib/flatpak/runtime/org.freedesktop.Platform/x86_64/25.08/18c4d2cd492ef63f2ba38cd06de0149d2542404144a0e0f6ebe0dfe5f7dbb680/files/etc/fonts/conf.avail/30-0-google-crosextra-caladea.conf
/var/lib/flatpak/runtime/org.freedesktop.Platform/x86_64/25.08/18c4d2cd492ef63f2ba38cd06de0149d2542404144a0e0f6ebe0dfe5f7dbb680/files/etc/fonts/conf.avail/30-0-google-crosextra-carlito.conf
/var/lib/flatpak/runtime/org.freedesktop.Platform/x86_64/25.08/18c4d2cd492ef63f2ba38cd06de0149d2542404144a0e0f6ebe0dfe5f7dbb680/files/etc/fonts/conf.avail/30-metric-aliases.conf
/var/lib/flatpak/runtime/org.freedesktop.Platform/x86_64/25.08/18c4d2cd492ef63f2ba38cd06de0149d2542404144a0e0f6ebe0dfe5f7dbb680/files/etc/fonts/conf.avail/30-tex-gyre.conf
/var/lib/flatpak/runtime/org.freedesktop.Platform/x86_64/25.08/18c4d2cd492ef63f2ba38cd06de0149d2542404144a0e0f6ebe0dfe5f7dbb680/files/etc/fonts/conf.avail/35-lang-normalize.conf
/var/lib/flatpak/runtime/org.freedesktop.Platform/x86_64/25.08/18c4d2cd492ef63f2ba38cd06de0149d2542404144a0e0f6ebe0dfe5f7dbb680/files/etc/fonts/conf.avail/40-nonlatin.conf
/var/lib/flatpak/runtime/org.freedesktop.Platform/x86_64/25.08/18c4d2cd492ef63f2ba38cd06de0149d2542404144a0e0f6ebe0dfe5f7dbb680/files/etc/fonts/conf.avail/45-generic.conf
/var/lib/flatpak/runtime/org.freedesktop.Platform/x86_64/25.08/18c4d2cd492ef63f2ba38cd06de0149d2542404144a0e0f6ebe0dfe5f7dbb680/files/etc/fonts/conf.avail/45-latin.conf
/var/lib/flatpak/runtime/org.freedesktop.Platform/x86_64/25.08/18c4d2cd492ef63f2ba38cd06de0149d2542404144a0e0f6ebe0dfe5f7dbb680/files/etc/fonts/conf.avail/48-guessfamily.conf
/var/lib/flatpak/runtime/org.freedesktop.Platform/x86_64/25.08/18c4d2cd492ef63f2ba38cd06de0149d2542404144a0e0f6ebe0dfe5f7dbb680/files/etc/fonts/conf.avail/48-spacing.conf
/var/lib/flatpak/runtime/org.freedesktop.Platform/x86_64/25.08/18c4d2cd492ef63f2ba38cd06de0149d2542404144a0e0f6ebe0dfe5f7dbb680/files/etc/fonts/conf.avail/49-sansserif.conf
/var/lib/flatpak/runtime/org.freedesktop.Platform/x86_64/25.08/18c4d2cd492ef63f2ba38cd06de0149d2542404144a0e0f6ebe0dfe5f7dbb680/files/etc/fonts/conf.avail/50-user.conf
/var/lib/flatpak/runtime/org.freedesktop.Platform/x86_64/25.08/18c4d2cd492ef63f2ba38cd06de0149d2542404144a0e0f6ebe0dfe5f7dbb680/files/etc/fonts/conf.avail/51-local.conf
/var/lib/flatpak/runtime/org.freedesktop.Platform/x86_64/25.08/18c4d2cd492ef63f2ba38cd06de0149d2542404144a0e0f6ebe0dfe5f7dbb680/files/etc/fonts/conf.avail/57-dejavu-sans-mono.conf
/var/lib/flatpak/runtime/org.freedesktop.Platform/x86_64/25.08/18c4d2cd492ef63f2ba38cd06de0149d2542404144a0e0f6ebe0dfe5f7dbb680/files/etc/fonts/conf.avail/57-dejavu-sans.conf
/var/lib/flatpak/runtime/org.freedesktop.Platform/x86_64/25.08/18c4d2cd492ef63f2ba38cd06de0149d2542404144a0e0f6ebe0dfe5f7dbb680/files/etc/fonts/conf.avail/57-dejavu-serif.conf
/var/lib/flatpak/runtime/org.freedesktop.Platform/x86_64/25.08/18c4d2cd492ef63f2ba38cd06de0149d2542404144a0e0f6ebe0dfe5f7dbb680/files/etc/fonts/conf.avail/59-liberation-fonts-mono.conf
/var/lib/flatpak/runtime/org.freedesktop.Platform/x86_64/25.08/18c4d2cd492ef63f2ba38cd06de0149d2542404144a0e0f6ebe0dfe5f7dbb680/files/etc/fonts/conf.avail/59-liberation-fonts-narrow.conf
/var/lib/flatpak/runtime/org.freedesktop.Platform/x86_64/25.08/18c4d2cd492ef63f2ba38cd06de0149d2542404144a0e0f6ebe0dfe5f7dbb680/files/etc/fonts/conf.avail/59-liberation-fonts-sans.conf
/var/lib/flatpak/runtime/org.freedesktop.Platform/x86_64/25.08/18c4d2cd492ef63f2ba38cd06de0149d2542404144a0e0f6ebe0dfe5f7dbb680/files/etc/fonts/conf.avail/59-liberation-fonts-serif.conf
/var/lib/flatpak/runtime/org.freedesktop.Platform/x86_64/25.08/18c4d2cd492ef63f2ba38cd06de0149d2542404144a0e0f6ebe0dfe5f7dbb680/files/etc/fonts/conf.avail/60-generic.conf
/var/lib/flatpak/runtime/org.freedesktop.Platform/x86_64/25.08/18c4d2cd492ef63f2ba38cd06de0149d2542404144a0e0f6ebe0dfe5f7dbb680/files/etc/fonts/conf.avail/60-latin.conf
/var/lib/flatpak/runtime/org.freedesktop.Platform/x86_64/25.08/18c4d2cd492ef63f2ba38cd06de0149d2542404144a0e0f6ebe0dfe5f7dbb680/files/etc/fonts/conf.avail/62-google-crosextra-caladea.conf
/var/lib/flatpak/runtime/org.freedesktop.Platform/x86_64/25.08/18c4d2cd492ef63f2ba38cd06de0149d2542404144a0e0f6ebe0dfe5f7dbb680/files/etc/fonts/conf.avail/62-google-crosextra-carlito.conf
/var/lib/flatpak/runtime/org.freedesktop.Platform/x86_64/25.08/18c4d2cd492ef63f2ba38cd06de0149d2542404144a0e0f6ebe0dfe5f7dbb680/files/etc/fonts/conf.avail/65-fonts-persian.conf
/var/lib/flatpak/runtime/org.freedesktop.Platform/x86_64/25.08/18c4d2cd492ef63f2ba38cd06de0149d2542404144a0e0f6ebe0dfe5f7dbb680/files/etc/fonts/conf.avail/65-khmer.conf
/var/lib/flatpak/runtime/org.freedesktop.Platform/x86_64/25.08/18c4d2cd492ef63f2ba38cd06de0149d2542404144a0e0f6ebe0dfe5f7dbb680/files/etc/fonts/conf.avail/65-nonlatin.conf
/var/lib/flatpak/runtime/org.freedesktop.Platform/x86_64/25.08/18c4d2cd492ef63f2ba38cd06de0149d2542404144a0e0f6ebe0dfe5f7dbb680/files/etc/fonts/conf.avail/69-gnu-free-mono.conf
/var/lib/flatpak/runtime/org.freedesktop.Platform/x86_64/25.08/18c4d2cd492ef63f2ba38cd06de0149d2542404144a0e0f6ebe0dfe5f7dbb680/files/etc/fonts/conf.avail/69-gnu-free-sans.conf
/var/lib/flatpak/runtime/org.freedesktop.Platform/x86_64/25.08/18c4d2cd492ef63f2ba38cd06de0149d2542404144a0e0f6ebe0dfe5f7dbb680/files/etc/fonts/conf.avail/69-gnu-free-serif.conf
/var/lib/flatpak/runtime/org.freedesktop.Platform/x86_64/25.08/18c4d2cd492ef63f2ba38cd06de0149d2542404144a0e0f6ebe0dfe5f7dbb680/files/etc/fonts/conf.avail/69-unifont.conf
/var/lib/flatpak/runtime/org.freedesktop.Platform/x86_64/25.08/18c4d2cd492ef63f2ba38cd06de0149d2542404144a0e0f6ebe0dfe5f7dbb680/files/etc/fonts/conf.avail/70-no-bitmaps-and-emoji.conf
/var/lib/flatpak/runtime/org.freedesktop.Platform/x86_64/25.08/18c4d2cd492ef63f2ba38cd06de0149d2542404144a0e0f6ebe0dfe5f7dbb680/files/etc/fonts/conf.avail/70-no-bitmaps-except-emoji.conf
/var/lib/flatpak/runtime/org.freedesktop.Platform/x86_64/25.08/18c4d2cd492ef63f2ba38cd06de0149d2542404144a0e0f6ebe0dfe5f7dbb680/files/etc/fonts/conf.avail/70-no-bitmaps.conf
/var/lib/flatpak/runtime/org.freedesktop.Platform/x86_64/25.08/18c4d2cd492ef63f2ba38cd06de0149d2542404144a0e0f6ebe0dfe5f7dbb680/files/etc/fonts/conf.avail/70-yes-bitmaps.conf
/var/lib/flatpak/runtime/org.freedesktop.Platform/x86_64/25.08/18c4d2cd492ef63f2ba38cd06de0149d2542404144a0e0f6ebe0dfe5f7dbb680/files/etc/fonts/conf.avail/80-delicious.conf
/var/lib/flatpak/runtime/org.freedesktop.Platform/x86_64/25.08/18c4d2cd492ef63f2ba38cd06de0149d2542404144a0e0f6ebe0dfe5f7dbb680/files/etc/fonts/conf.avail/90-synthetic.conf
/var/lib/flatpak/runtime/org.freedesktop.Platform/x86_64/25.08/18c4d2cd492ef63f2ba38cd06de0149d2542404144a0e0f6ebe0dfe5f7dbb680/files/etc/fonts/conf.d/05-flatpak-fontpath.conf
/var/lib/flatpak/runtime/org.freedesktop.Platform/x86_64/25.08/18c4d2cd492ef63f2ba38cd06de0149d2542404144a0e0f6ebe0dfe5f7dbb680/files/etc/fonts/conf.d/50-flatpak.conf
/var/lib/flatpak/runtime/org.freedesktop.Platform/x86_64/25.08/18c4d2cd492ef63f2ba38cd06de0149d2542404144a0e0f6ebe0dfe5f7dbb680/files/etc/gtk-3.0/im-multipress.conf
/var/lib/flatpak/runtime/org.freedesktop.Platform/x86_64/25.08/18c4d2cd492ef63f2ba38cd06de0149d2542404144a0e0f6ebe0dfe5f7dbb680/files/etc/pki/ca-trust/ca-legacy.conf
/var/lib/flatpak/runtime/org.freedesktop.Platform/x86_64/25.08/18c4d2cd492ef63f2ba38cd06de0149d2542404144a0e0f6ebe0dfe5f7dbb680/files/etc/pulse/client.conf
/var/lib/flatpak/runtime/org.freedesktop.Platform/x86_64/25.08/18c4d2cd492ef63f2ba38cd06de0149d2542404144a0e0f6ebe0dfe5f7dbb680/files/etc/security/limits.d/25-pw-rlimits.conf
/var/lib/flatpak/runtime/org.freedesktop.Platform/x86_64/25.08/18c4d2cd492ef63f2ba38cd06de0149d2542404144a0e0f6ebe0dfe5f7dbb680/files/etc/xdg/user-dirs.conf
/var/lib/flatpak/runtime/org.freedesktop.Platform/x86_64/25.08/18c4d2cd492ef63f2ba38cd06de0149d2542404144a0e0f6ebe0dfe5f7dbb680/files/lib/x86_64-linux-gnu/gconv/gconv-modules.d/gconv-modules-extra.conf
/var/lib/flatpak/runtime/org.freedesktop.Platform/x86_64/25.08/18c4d2cd492ef63f2ba38cd06de0149d2542404144a0e0f6ebe0dfe5f7dbb680/files/share/alsa/alsa-flatpak.conf
/var/lib/flatpak/runtime/org.freedesktop.Platform/x86_64/25.08/18c4d2cd492ef63f2ba38cd06de0149d2542404144a0e0f6ebe0dfe5f7dbb680/files/share/alsa/alsa.conf
/var/lib/flatpak/runtime/org.freedesktop.Platform/x86_64/25.08/18c4d2cd492ef63f2ba38cd06de0149d2542404144a0e0f6ebe0dfe5f7dbb680/files/share/alsa/alsa.conf.d/50-arcam-av-ctl.conf
/var/lib/flatpak/runtime/org.freedesktop.Platform/x86_64/25.08/18c4d2cd492ef63f2ba38cd06de0149d2542404144a0e0f6ebe0dfe5f7dbb680/files/share/alsa/alsa.conf.d/50-oss.conf
/var/lib/flatpak/runtime/org.freedesktop.Platform/x86_64/25.08/18c4d2cd492ef63f2ba38cd06de0149d2542404144a0e0f6ebe0dfe5f7dbb680/files/share/alsa/alsa.conf.d/50-pipewire.conf
/var/lib/flatpak/runtime/org.freedesktop.Platform/x86_64/25.08/18c4d2cd492ef63f2ba38cd06de0149d2542404144a0e0f6ebe0dfe5f7dbb680/files/share/alsa/alsa.conf.d/50-pulseaudio.conf
/var/lib/flatpak/runtime/org.freedesktop.Platform/x86_64/25.08/18c4d2cd492ef63f2ba38cd06de0149d2542404144a0e0f6ebe0dfe5f7dbb680/files/share/alsa/alsa.conf.d/60-upmix.conf
/var/lib/flatpak/runtime/org.freedesktop.Platform/x86_64/25.08/18c4d2cd492ef63f2ba38cd06de0149d2542404144a0e0f6ebe0dfe5f7dbb680/files/share/alsa/alsa.conf.d/60-vdownmix.conf
/var/lib/flatpak/runtime/org.freedesktop.Platform/x86_64/25.08/18c4d2cd492ef63f2ba38cd06de0149d2542404144a0e0f6ebe0dfe5f7dbb680/files/share/alsa/alsa.conf.d/98-usb-stream.conf
/var/lib/flatpak/runtime/org.freedesktop.Platform/x86_64/25.08/18c4d2cd492ef63f2ba38cd06de0149d2542404144a0e0f6ebe0dfe5f7dbb680/files/share/alsa/cards/AACI.conf
/var/lib/flatpak/runtime/org.freedesktop.Platform/x86_64/25.08/18c4d2cd492ef63f2ba38cd06de0149d2542404144a0e0f6ebe0dfe5f7dbb680/files/share/alsa/cards/ATIIXP-MODEM.conf
/var/lib/flatpak/runtime/org.freedesktop.Platform/x86_64/25.08/18c4d2cd492ef63f2ba38cd06de0149d2542404144a0e0f6ebe0dfe5f7dbb680/files/share/alsa/cards/ATIIXP-SPDMA.conf
/var/lib/flatpak/runtime/org.freedesktop.Platform/x86_64/25.08/18c4d2cd492ef63f2ba38cd06de0149d2542404144a0e0f6ebe0dfe5f7dbb680/files/share/alsa/cards/ATIIXP.conf
/var/lib/flatpak/runtime/org.freedesktop.Platform/x86_64/25.08/18c4d2cd492ef63f2ba38cd06de0149d2542404144a0e0f6ebe0dfe5f7dbb680/files/share/alsa/cards/AU8810.conf
/var/lib/flatpak/runtime/org.freedesktop.Platform/x86_64/25.08/18c4d2cd492ef63f2ba38cd06de0149d2542404144a0e0f6ebe0dfe5f7dbb680/files/share/alsa/cards/AU8820.conf
/var/lib/flatpak/runtime/org.freedesktop.Platform/x86_64/25.08/18c4d2cd492ef63f2ba38cd06de0149d2542404144a0e0f6ebe0dfe5f7dbb680/files/share/alsa/cards/AU8830.conf
/var/lib/flatpak/runtime/org.freedesktop.Platform/x86_64/25.08/18c4d2cd492ef63f2ba38cd06de0149d2542404144a0e0f6ebe0dfe5f7dbb680/files/share/alsa/cards/Audigy.conf
/var/lib/flatpak/runtime/org.freedesktop.Platform/x86_64/25.08/18c4d2cd492ef63f2ba38cd06de0149d2542404144a0e0f6ebe0dfe5f7dbb680/files/share/alsa/cards/Audigy2.conf
/var/lib/flatpak/runtime/org.freedesktop.Platform/x86_64/25.08/18c4d2cd492ef63f2ba38cd06de0149d2542404144a0e0f6ebe0dfe5f7dbb680/files/share/alsa/cards/Aureon51.conf
/var/lib/flatpak/runtime/org.freedesktop.Platform/x86_64/25.08/18c4d2cd492ef63f2ba38cd06de0149d2542404144a0e0f6ebe0dfe5f7dbb680/files/share/alsa/cards/Aureon71.conf
/var/lib/flatpak/runtime/org.freedesktop.Platform/x86_64/25.08/18c4d2cd492ef63f2ba38cd06de0149d2542404144a0e0f6ebe0dfe5f7dbb680/files/share/alsa/cards/CA0106.conf
/var/lib/flatpak/runtime/org.freedesktop.Platform/x86_64/25.08/18c4d2cd492ef63f2ba38cd06de0149d2542404144a0e0f6ebe0dfe5f7dbb680/files/share/alsa/cards/CMI8338-SWIEC.conf
/var/lib/flatpak/runtime/org.freedesktop.Platform/x86_64/25.08/18c4d2cd492ef63f2ba38cd06de0149d2542404144a0e0f6ebe0dfe5f7dbb680/files/share/alsa/cards/CMI8338.conf
/var/lib/flatpak/runtime/org.freedesktop.Platform/x86_64/25.08/18c4d2cd492ef63f2ba38cd06de0149d2542404144a0e0f6ebe0dfe5f7dbb680/files/share/alsa/cards/CMI8738-MC6.conf
/var/lib/flatpak/runtime/org.freedesktop.Platform/x86_64/25.08/18c4d2cd492ef63f2ba38cd06de0149d2542404144a0e0f6ebe0dfe5f7dbb680/files/share/alsa/cards/CMI8738-MC8.conf
/var/lib/flatpak/runtime/org.freedesktop.Platform/x86_64/25.08/18c4d2cd492ef63f2ba38cd06de0149d2542404144a0e0f6ebe0dfe5f7dbb680/files/share/alsa/cards/CMI8788.conf
/var/lib/flatpak/runtime/org.freedesktop.Platform/x86_64/25.08/18c4d2cd492ef63f2ba38cd06de0149d2542404144a0e0f6ebe0dfe5f7dbb680/files/share/alsa/cards/CS46xx.conf
/var/lib/flatpak/runtime/org.freedesktop.Platform/x86_64/25.08/18c4d2cd492ef63f2ba38cd06de0149d2542404144a0e0f6ebe0dfe5f7dbb680/files/share/alsa/cards/EMU10K1.conf
/var/lib/flatpak/runtime/org.freedesktop.Platform/x86_64/25.08/18c4d2cd492ef63f2ba38cd06de0149d2542404144a0e0f6ebe0dfe5f7dbb680/files/share/alsa/cards/EMU10K1X.conf
/var/lib/flatpak/runtime/org.freedesktop.Platform/x86_64/25.08/18c4d2cd492ef63f2ba38cd06de0149d2542404144a0e0f6ebe0dfe5f7dbb680/files/share/alsa/cards/ENS1370.conf
/var/lib/flatpak/runtime/org.freedesktop.Platform/x86_64/25.08/18c4d2cd492ef63f2ba38cd06de0149d2542404144a0e0f6ebe0dfe5f7dbb680/files/share/alsa/cards/ENS1371.conf
/var/lib/flatpak/runtime/org.freedesktop.Platform/x86_64/25.08/18c4d2cd492ef63f2ba38cd06de0149d2542404144a0e0f6ebe0dfe5f7dbb680/files/share/alsa/cards/ES1968.conf
/var/lib/flatpak/runtime/org.freedesktop.Platform/x86_64/25.08/18c4d2cd492ef63f2ba38cd06de0149d2542404144a0e0f6ebe0dfe5f7dbb680/files/share/alsa/cards/Echo_Echo3G.conf
/var/lib/flatpak/runtime/org.freedesktop.Platform/x86_64/25.08/18c4d2cd492ef63f2ba38cd06de0149d2542404144a0e0f6ebe0dfe5f7dbb680/files/share/alsa/cards/FM801.conf
/var/lib/flatpak/runtime/org.freedesktop.Platform/x86_64/25.08/18c4d2cd492ef63f2ba38cd06de0149d2542404144a0e0f6ebe0dfe5f7dbb680/files/share/alsa/cards/FWSpeakers.conf
/var/lib/flatpak/runtime/org.freedesktop.Platform/x86_64/25.08/18c4d2cd492ef63f2ba38cd06de0149d2542404144a0e0f6ebe0dfe5f7dbb680/files/share/alsa/cards/FireWave.conf
/var/lib/flatpak/runtime/org.freedesktop.Platform/x86_64/25.08/18c4d2cd492ef63f2ba38cd06de0149d2542404144a0e0f6ebe0dfe5f7dbb680/files/share/alsa/cards/GUS.conf
/var/lib/flatpak/runtime/org.freedesktop.Platform/x86_64/25.08/18c4d2cd492ef63f2ba38cd06de0149d2542404144a0e0f6ebe0dfe5f7dbb680/files/share/alsa/cards/HDA-Intel.conf
/var/lib/flatpak/runtime/org.freedesktop.Platform/x86_64/25.08/18c4d2cd492ef63f2ba38cd06de0149d2542404144a0e0f6ebe0dfe5f7dbb680/files/share/alsa/cards/HdmiLpeAudio.conf
/var/lib/flatpak/runtime/org.freedesktop.Platform/x86_64/25.08/18c4d2cd492ef63f2ba38cd06de0149d2542404144a0e0f6ebe0dfe5f7dbb680/files/share/alsa/cards/ICE1712.conf
/var/lib/flatpak/runtime/org.freedesktop.Platform/x86_64/25.08/18c4d2cd492ef63f2ba38cd06de0149d2542404144a0e0f6ebe0dfe5f7dbb680/files/share/alsa/cards/ICE1724.conf
/var/lib/flatpak/runtime/org.freedesktop.Platform/x86_64/25.08/18c4d2cd492ef63f2ba38cd06de0149d2542404144a0e0f6ebe0dfe5f7dbb680/files/share/alsa/cards/ICH-MODEM.conf
/var/lib/flatpak/runtime/org.freedesktop.Platform/x86_64/25.08/18c4d2cd492ef63f2ba38cd06de0149d2542404144a0e0f6ebe0dfe5f7dbb680/files/share/alsa/cards/ICH.conf
/var/lib/flatpak/runtime/org.freedesktop.Platform/x86_64/25.08/18c4d2cd492ef63f2ba38cd06de0149d2542404144a0e0f6ebe0dfe5f7dbb680/files/share/alsa/cards/ICH4.conf
/var/lib/flatpak/runtime/org.freedesktop.Platform/x86_64/25.08/18c4d2cd492ef63f2ba38cd06de0149d2542404144a0e0f6ebe0dfe5f7dbb680/files/share/alsa/cards/Loopback.conf
/var/lib/flatpak/runtime/org.freedesktop.Platform/x86_64/25.08/18c4d2cd492ef63f2ba38cd06de0149d2542404144a0e0f6ebe0dfe5f7dbb680/files/share/alsa/cards/Maestro3.conf
/var/lib/flatpak/runtime/org.freedesktop.Platform/x86_64/25.08/18c4d2cd492ef63f2ba38cd06de0149d2542404144a0e0f6ebe0dfe5f7dbb680/files/share/alsa/cards/NFORCE.conf
/var/lib/flatpak/runtime/org.freedesktop.Platform/x86_64/25.08/18c4d2cd492ef63f2ba38cd06de0149d2542404144a0e0f6ebe0dfe5f7dbb680/files/share/alsa/cards/PC-Speaker.conf
/var/lib/flatpak/runtime/org.freedesktop.Platform/x86_64/25.08/18c4d2cd492ef63f2ba38cd06de0149d2542404144a0e0f6ebe0dfe5f7dbb680/files/share/alsa/cards/PMac.conf
/var/lib/flatpak/runtime/org.freedesktop.Platform/x86_64/25.08/18c4d2cd492ef63f2ba38cd06de0149d2542404144a0e0f6ebe0dfe5f7dbb680/files/share/alsa/cards/PMacToonie.conf
/var/lib/flatpak/runtime/org.freedesktop.Platform/x86_64/25.08/18c4d2cd492ef63f2ba38cd06de0149d2542404144a0e0f6ebe0dfe5f7dbb680/files/share/alsa/cards/PS3.conf
/var/lib/flatpak/runtime/org.freedesktop.Platform/x86_64/25.08/18c4d2cd492ef63f2ba38cd06de0149d2542404144a0e0f6ebe0dfe5f7dbb680/files/share/alsa/cards/RME9636.conf
/var/lib/flatpak/runtime/org.freedesktop.Platform/x86_64/25.08/18c4d2cd492ef63f2ba38cd06de0149d2542404144a0e0f6ebe0dfe5f7dbb680/files/share/alsa/cards/RME9652.conf
/var/lib/flatpak/runtime/org.freedesktop.Platform/x86_64/25.08/18c4d2cd492ef63f2ba38cd06de0149d2542404144a0e0f6ebe0dfe5f7dbb680/files/share/alsa/cards/SB-XFi.conf
/var/lib/flatpak/runtime/org.freedesktop.Platform/x86_64/25.08/18c4d2cd492ef63f2ba38cd06de0149d2542404144a0e0f6ebe0dfe5f7dbb680/files/share/alsa/cards/SI7018.conf
/var/lib/flatpak/runtime/org.freedesktop.Platform/x86_64/25.08/18c4d2cd492ef63f2ba38cd06de0149d2542404144a0e0f6ebe0dfe5f7dbb680/files/share/alsa/cards/TRID4DWAVENX.conf
/var/lib/flatpak/runtime/org.freedesktop.Platform/x86_64/25.08/18c4d2cd492ef63f2ba38cd06de0149d2542404144a0e0f6ebe0dfe5f7dbb680/files/share/alsa/cards/USB-Audio.conf
/var/lib/flatpak/runtime/org.freedesktop.Platform/x86_64/25.08/18c4d2cd492ef63f2ba38cd06de0149d2542404144a0e0f6ebe0dfe5f7dbb680/files/share/alsa/cards/VIA686A.conf
/var/lib/flatpak/runtime/org.freedesktop.Platform/x86_64/25.08/18c4d2cd492ef63f2ba38cd06de0149d2542404144a0e0f6ebe0dfe5f7dbb680/files/share/alsa/cards/VIA8233.conf
/var/lib/flatpak/runtime/org.freedesktop.Platform/x86_64/25.08/18c4d2cd492ef63f2ba38cd06de0149d2542404144a0e0f6ebe0dfe5f7dbb680/files/share/alsa/cards/VIA8233A.conf
/var/lib/flatpak/runtime/org.freedesktop.Platform/x86_64/25.08/18c4d2cd492ef63f2ba38cd06de0149d2542404144a0e0f6ebe0dfe5f7dbb680/files/share/alsa/cards/VIA8237.conf
/var/lib/flatpak/runtime/org.freedesktop.Platform/x86_64/25.08/18c4d2cd492ef63f2ba38cd06de0149d2542404144a0e0f6ebe0dfe5f7dbb680/files/share/alsa/cards/VX222.conf
/var/lib/flatpak/runtime/org.freedesktop.Platform/x86_64/25.08/18c4d2cd492ef63f2ba38cd06de0149d2542404144a0e0f6ebe0dfe5f7dbb680/files/share/alsa/cards/VXPocket.conf
/var/lib/flatpak/runtime/org.freedesktop.Platform/x86_64/25.08/18c4d2cd492ef63f2ba38cd06de0149d2542404144a0e0f6ebe0dfe5f7dbb680/files/share/alsa/cards/VXPocket440.conf
/var/lib/flatpak/runtime/org.freedesktop.Platform/x86_64/25.08/18c4d2cd492ef63f2ba38cd06de0149d2542404144a0e0f6ebe0dfe5f7dbb680/files/share/alsa/cards/YMF744.conf
/var/lib/flatpak/runtime/org.freedesktop.Platform/x86_64/25.08/18c4d2cd492ef63f2ba38cd06de0149d2542404144a0e0f6ebe0dfe5f7dbb680/files/share/alsa/cards/aliases.conf
/var/lib/flatpak/runtime/org.freedesktop.Platform/x86_64/25.08/18c4d2cd492ef63f2ba38cd06de0149d2542404144a0e0f6ebe0dfe5f7dbb680/files/share/alsa/cards/pistachio-card.conf
/var/lib/flatpak/runtime/org.freedesktop.Platform/x86_64/25.08/18c4d2cd492ef63f2ba38cd06de0149d2542404144a0e0f6ebe0dfe5f7dbb680/files/share/alsa/cards/vc4-hdmi.conf
/var/lib/flatpak/runtime/org.freedesktop.Platform/x86_64/25.08/18c4d2cd492ef63f2ba38cd06de0149d2542404144a0e0f6ebe0dfe5f7dbb680/files/share/alsa/ctl/default.conf
/var/lib/flatpak/runtime/org.freedesktop.Platform/x86_64/25.08/18c4d2cd492ef63f2ba38cd06de0149d2542404144a0e0f6ebe0dfe5f7dbb680/files/share/alsa/pcm/center_lfe.conf
/var/lib/flatpak/runtime/org.freedesktop.Platform/x86_64/25.08/18c4d2cd492ef63f2ba38cd06de0149d2542404144a0e0f6ebe0dfe5f7dbb680/files/share/alsa/pcm/default.conf
/var/lib/flatpak/runtime/org.freedesktop.Platform/x86_64/25.08/18c4d2cd492ef63f2ba38cd06de0149d2542404144a0e0f6ebe0dfe5f7dbb680/files/share/alsa/pcm/dmix.conf
/var/lib/flatpak/runtime/org.freedesktop.Platform/x86_64/25.08/18c4d2cd492ef63f2ba38cd06de0149d2542404144a0e0f6ebe0dfe5f7dbb680/files/share/alsa/pcm/dpl.conf
/var/lib/flatpak/runtime/org.freedesktop.Platform/x86_64/25.08/18c4d2cd492ef63f2ba38cd06de0149d2542404144a0e0f6ebe0dfe5f7dbb680/files/share/alsa/pcm/dsnoop.conf
/var/lib/flatpak/runtime/org.freedesktop.Platform/x86_64/25.08/18c4d2cd492ef63f2ba38cd06de0149d2542404144a0e0f6ebe0dfe5f7dbb680/files/share/alsa/pcm/front.conf
/var/lib/flatpak/runtime/org.freedesktop.Platform/x86_64/25.08/18c4d2cd492ef63f2ba38cd06de0149d2542404144a0e0f6ebe0dfe5f7dbb680/files/share/alsa/pcm/hdmi.conf
/var/lib/flatpak/runtime/org.freedesktop.Platform/x86_64/25.08/18c4d2cd492ef63f2ba38cd06de0149d2542404144a0e0f6ebe0dfe5f7dbb680/files/share/alsa/pcm/iec958.conf
/var/lib/flatpak/runtime/org.freedesktop.Platform/x86_64/25.08/18c4d2cd492ef63f2ba38cd06de0149d2542404144a0e0f6ebe0dfe5f7dbb680/files/share/alsa/pcm/modem.conf
/var/lib/flatpak/runtime/org.freedesktop.Platform/x86_64/25.08/18c4d2cd492ef63f2ba38cd06de0149d2542404144a0e0f6ebe0dfe5f7dbb680/files/share/alsa/pcm/rear.conf
/var/lib/flatpak/runtime/org.freedesktop.Platform/x86_64/25.08/18c4d2cd492ef63f2ba38cd06de0149d2542404144a0e0f6ebe0dfe5f7dbb680/files/share/alsa/pcm/side.conf
/var/lib/flatpak/runtime/org.freedesktop.Platform/x86_64/25.08/18c4d2cd492ef63f2ba38cd06de0149d2542404144a0e0f6ebe0dfe5f7dbb680/files/share/alsa/pcm/surround21.conf
/var/lib/flatpak/runtime/org.freedesktop.Platform/x86_64/25.08/18c4d2cd492ef63f2ba38cd06de0149d2542404144a0e0f6ebe0dfe5f7dbb680/files/share/alsa/pcm/surround40.conf
/var/lib/flatpak/runtime/org.freedesktop.Platform/x86_64/25.08/18c4d2cd492ef63f2ba38cd06de0149d2542404144a0e0f6ebe0dfe5f7dbb680/files/share/alsa/pcm/surround41.conf
/var/lib/flatpak/runtime/org.freedesktop.Platform/x86_64/25.08/18c4d2cd492ef63f2ba38cd06de0149d2542404144a0e0f6ebe0dfe5f7dbb680/files/share/alsa/pcm/surround50.conf
/var/lib/flatpak/runtime/org.freedesktop.Platform/x86_64/25.08/18c4d2cd492ef63f2ba38cd06de0149d2542404144a0e0f6ebe0dfe5f7dbb680/files/share/alsa/pcm/surround51.conf
/var/lib/flatpak/runtime/org.freedesktop.Platform/x86_64/25.08/18c4d2cd492ef63f2ba38cd06de0149d2542404144a0e0f6ebe0dfe5f7dbb680/files/share/alsa/pcm/surround71.conf
/var/lib/flatpak/runtime/org.freedesktop.Platform/x86_64/25.08/18c4d2cd492ef63f2ba38cd06de0149d2542404144a0e0f6ebe0dfe5f7dbb680/files/share/appstream/appstream.conf
/var/lib/flatpak/runtime/org.freedesktop.Platform/x86_64/25.08/18c4d2cd492ef63f2ba38cd06de0149d2542404144a0e0f6ebe0dfe5f7dbb680/files/share/defaults/at-spi2/accessibility.conf
/var/lib/flatpak/runtime/org.freedesktop.Platform/x86_64/25.08/18c4d2cd492ef63f2ba38cd06de0149d2542404144a0e0f6ebe0dfe5f7dbb680/files/share/pipewire/client.conf
/var/lib/flatpak/runtime/org.freedesktop.Platform/x86_64/25.08/18c4d2cd492ef63f2ba38cd06de0149d2542404144a0e0f6ebe0dfe5f7dbb680/files/share/pipewire/filter-chain.conf
/var/lib/flatpak/runtime/org.freedesktop.Platform/x86_64/25.08/18c4d2cd492ef63f2ba38cd06de0149d2542404144a0e0f6ebe0dfe5f7dbb680/files/share/pipewire/jack.conf
/var/lib/flatpak/runtime/org.freedesktop.Platform/x86_64/25.08/18c4d2cd492ef63f2ba38cd06de0149d2542404144a0e0f6ebe0dfe5f7dbb680/files/share/pipewire/minimal.conf
/var/lib/flatpak/runtime/org.freedesktop.Platform/x86_64/25.08/18c4d2cd492ef63f2ba38cd06de0149d2542404144a0e0f6ebe0dfe5f7dbb680/files/share/pipewire/pipewire-aes67.conf
/var/lib/flatpak/runtime/org.freedesktop.Platform/x86_64/25.08/18c4d2cd492ef63f2ba38cd06de0149d2542404144a0e0f6ebe0dfe5f7dbb680/files/share/pipewire/pipewire-avb.conf
/var/lib/flatpak/runtime/org.freedesktop.Platform/x86_64/25.08/18c4d2cd492ef63f2ba38cd06de0149d2542404144a0e0f6ebe0dfe5f7dbb680/files/share/pipewire/pipewire-pulse.conf
/var/lib/flatpak/runtime/org.freedesktop.Platform/x86_64/25.08/18c4d2cd492ef63f2ba38cd06de0149d2542404144a0e0f6ebe0dfe5f7dbb680/files/share/pipewire/pipewire.conf
/var/lib/flatpak/runtime/org.freedesktop.Platform/x86_64/25.08/18c4d2cd492ef63f2ba38cd06de0149d2542404144a0e0f6ebe0dfe5f7dbb680/files/share/pipewire/client.conf.avail/20-upmix.conf
/var/lib/flatpak/runtime/org.freedesktop.Platform/x86_64/25.08/18c4d2cd492ef63f2ba38cd06de0149d2542404144a0e0f6ebe0dfe5f7dbb680/files/share/pipewire/filter-chain/demonic.conf
/var/lib/flatpak/runtime/org.freedesktop.Platform/x86_64/25.08/18c4d2cd492ef63f2ba38cd06de0149d2542404144a0e0f6ebe0dfe5f7dbb680/files/share/pipewire/filter-chain/sink-dolby-surround.conf
/var/lib/flatpak/runtime/org.freedesktop.Platform/x86_64/25.08/18c4d2cd492ef63f2ba38cd06de0149d2542404144a0e0f6ebe0dfe5f7dbb680/files/share/pipewire/filter-chain/sink-eq6.conf
/var/lib/flatpak/runtime/org.freedesktop.Platform/x86_64/25.08/18c4d2cd492ef63f2ba38cd06de0149d2542404144a0e0f6ebe0dfe5f7dbb680/files/share/pipewire/filter-chain/sink-make-LFE.conf
/var/lib/flatpak/runtime/org.freedesktop.Platform/x86_64/25.08/18c4d2cd492ef63f2ba38cd06de0149d2542404144a0e0f6ebe0dfe5f7dbb680/files/share/pipewire/filter-chain/sink-matrix-spatialiser.conf
/var/lib/flatpak/runtime/org.freedesktop.Platform/x86_64/25.08/18c4d2cd492ef63f2ba38cd06de0149d2542404144a0e0f6ebe0dfe5f7dbb680/files/share/pipewire/filter-chain/sink-mix-FL-FR.conf
/var/lib/flatpak/runtime/org.freedesktop.Platform/x86_64/25.08/18c4d2cd492ef63f2ba38cd06de0149d2542404144a0e0f6ebe0dfe5f7dbb680/files/share/pipewire/filter-chain/sink-upmix-5.1-filter.conf
/var/lib/flatpak/runtime/org.freedesktop.Platform/x86_64/25.08/18c4d2cd492ef63f2ba38cd06de0149d2542404144a0e0f6ebe0dfe5f7dbb680/files/share/pipewire/filter-chain/sink-virtual-surround-5.1-kemar.conf
/var/lib/flatpak/runtime/org.freedesktop.Platform/x86_64/25.08/18c4d2cd492ef63f2ba38cd06de0149d2542404144a0e0f6ebe0dfe5f7dbb680/files/share/pipewire/filter-chain/sink-virtual-surround-7.1-hesuvi.conf
/var/lib/flatpak/runtime/org.freedesktop.Platform/x86_64/25.08/18c4d2cd492ef63f2ba38cd06de0149d2542404144a0e0f6ebe0dfe5f7dbb680/files/share/pipewire/filter-chain/source-duplicate-FL.conf
/var/lib/flatpak/runtime/org.freedesktop.Platform/x86_64/25.08/18c4d2cd492ef63f2ba38cd06de0149d2542404144a0e0f6ebe0dfe5f7dbb680/files/share/pipewire/filter-chain/source-rnnoise.conf
/var/lib/flatpak/runtime/org.freedesktop.Platform/x86_64/25.08/18c4d2cd492ef63f2ba38cd06de0149d2542404144a0e0f6ebe0dfe5f7dbb680/files/share/pipewire/pipewire-pulse.conf.avail/20-upmix.conf
/var/lib/flatpak/runtime/org.freedesktop.Platform/x86_64/25.08/18c4d2cd492ef63f2ba38cd06de0149d2542404144a0e0f6ebe0dfe5f7dbb680/files/share/pipewire/pipewire.conf.avail/10-rates.conf
/var/lib/flatpak/runtime/org.freedesktop.Platform/x86_64/25.08/18c4d2cd492ef63f2ba38cd06de0149d2542404144a0e0f6ebe0dfe5f7dbb680/files/share/pipewire/pipewire.conf.avail/20-upmix.conf
/var/lib/flatpak/runtime/org.freedesktop.Platform/x86_64/25.08/18c4d2cd492ef63f2ba38cd06de0149d2542404144a0e0f6ebe0dfe5f7dbb680/files/share/pipewire/pipewire.conf.avail/50-raop.conf
/var/lib/flatpak/runtime/org.freedesktop.Platform/x86_64/25.08/18c4d2cd492ef63f2ba38cd06de0149d2542404144a0e0f6ebe0dfe5f7dbb680/files/share/spa-0.2/bluez5/bluez-hardware.conf
